-- MySQL dump 10.13  Distrib 5.5.42, for Linux (x86_64)
--
-- Host: localhost    Database: gui
-- ------------------------------------------------------
-- Server version	5.5.42-log

/*!40101 SET @OLD_CHARACTER_SET_CLIENT=@@CHARACTER_SET_CLIENT */;
/*!40101 SET @OLD_CHARACTER_SET_RESULTS=@@CHARACTER_SET_RESULTS */;
/*!40101 SET @OLD_COLLATION_CONNECTION=@@COLLATION_CONNECTION */;
/*!40101 SET NAMES utf8 */;
/*!40103 SET @OLD_TIME_ZONE=@@TIME_ZONE */;
/*!40103 SET TIME_ZONE='+00:00' */;
/*!40014 SET @OLD_UNIQUE_CHECKS=@@UNIQUE_CHECKS, UNIQUE_CHECKS=0 */;
/*!40014 SET @OLD_FOREIGN_KEY_CHECKS=@@FOREIGN_KEY_CHECKS, FOREIGN_KEY_CHECKS=0 */;
/*!40101 SET @OLD_SQL_MODE=@@SQL_MODE, SQL_MODE='NO_AUTO_VALUE_ON_ZERO' */;
/*!40111 SET @OLD_SQL_NOTES=@@SQL_NOTES, SQL_NOTES=0 */;

--
-- Table structure for table `gui_admin`
--

DROP TABLE IF EXISTS `gui_admin`;
/*!40101 SET @saved_cs_client     = @@character_set_client */;
/*!40101 SET character_set_client = utf8 */;
CREATE TABLE `gui_admin` (
  `adminid` smallint(6) NOT NULL AUTO_INCREMENT,
  `adminname` varchar(50) COLLATE gbk_bin NOT NULL,
  `password` varchar(100) COLLATE gbk_bin NOT NULL,
  PRIMARY KEY (`adminid`)
) ENGINE=MyISAM DEFAULT CHARSET=gbk COLLATE=gbk_bin;
/*!40101 SET character_set_client = @saved_cs_client */;

--
-- Dumping data for table `gui_admin`
--

LOCK TABLES `gui_admin` WRITE;
/*!40000 ALTER TABLE `gui_admin` DISABLE KEYS */;
/*!40000 ALTER TABLE `gui_admin` ENABLE KEYS */;
UNLOCK TABLES;

--
-- Table structure for table `gui_cab`
--

DROP TABLE IF EXISTS `gui_cab`;
/*!40101 SET @saved_cs_client     = @@character_set_client */;
/*!40101 SET character_set_client = utf8 */;
CREATE TABLE `gui_cab` (
  `id` int(5) NOT NULL AUTO_INCREMENT,
  `sn` varchar(50) DEFAULT NULL,
  `alias` varchar(50) DEFAULT NULL,
  `level_cnt` smallint(3) DEFAULT '6',
  `group_cnt` smallint(3) DEFAULT '6',
  `disk_cnt` smallint(3) DEFAULT '4',
  `loaded` tinyint(1) DEFAULT '1',
  `inited` tinyint(1) DEFAULT '0',
  `voltage` varchar(10) DEFAULT NULL,
  `electricity` varchar(10) DEFAULT NULL,
  `charge` varchar(10) DEFAULT NULL,
  `status` varchar(4096) DEFAULT NULL,
  `name` char(32) DEFAULT NULL,
  PRIMARY KEY (`id`),
  UNIQUE KEY `sn` (`sn`)
) ENGINE=InnoDB AUTO_INCREMENT=3 DEFAULT CHARSET=utf8;
/*!40101 SET character_set_client = @saved_cs_client */;

--
-- Dumping data for table `gui_cab`
--

LOCK TABLES `gui_cab` WRITE;
/*!40000 ALTER TABLE `gui_cab` DISABLE KEYS */;
INSERT INTO `gui_cab` VALUES (1,'1',NULL,6,6,4,1,0,'23.5','67','17.6','{\"CMD_ID\":\"0\",\"cmd\":\"DEVICESTATUS\",\"current\":\"17.6\",\"device_id\":\"1\",\"electricity\":\"67\",\"levels\":[{\"groups\":[{\"disks\":[\"1\"],\"id\":\"1\"},{\"disks\":[\"1\"],\"id\":\"2\"},{\"disks\":[\"1\"],\"id\":\"3\"},{\"disks\":[\"1\"],\"id\":\"4\"},{\"disks\":[\"1\"],\"id\":\"5\"},{\"disks\":[\"1\"],\"id\":\"6\"}],\"humidity\":\"38.8\",\"id\":\"1\",\"temperature\":\"37.7\"},{\"groups\":[{\"disks\":[\"1\"],\"id\":\"1\"},{\"disks\":[\"1\"],\"id\":\"2\"},{\"disks\":[\"1\"],\"id\":\"3\"},{\"disks\":[\"1\"],\"id\":\"4\"},{\"disks\":[\"1\"],\"id\":\"5\"},{\"disks\":[\"1\"],\"id\":\"6\"}],\"humidity\":\"39.3\",\"id\":\"2\",\"temperature\":\"37.5\"},{\"groups\":[{\"disks\":[\"1\"],\"id\":\"1\"},{\"disks\":[\"1\"],\"id\":\"2\"},{\"disks\":[\"1\"],\"id\":\"3\"},{\"disks\":[\"1\"],\"id\":\"4\"},{\"disks\":[\"1\"],\"id\":\"5\"},{\"disks\":[\"1\"],\"id\":\"6\"}],\"humidity\":\"39.6\",\"id\":\"3\",\"temperature\":\"37.4\"},{\"groups\":[{\"disks\":[\"1\",\"2\"],\"id\":\"1\"},{\"disks\":[\"1\"],\"id\":\"2\"},{\"disks\":[\"1\"],\"id\":\"3\"},{\"disks\":[\"1\"],\"id\":\"4\"},{\"disks\":[\"1\"],\"id\":\"5\"}],\"humidity\":\"43.5\",\"id\":\"4\",\"temperature\":\"35.6\"},{\"groups\":[{\"disks\":[\"1\"],\"id\":\"1\"},{\"disks\":[\"1\"],\"id\":\"2\"},{\"disks\":[\"1\"],\"id\":\"3\"},{\"disks\":[\"1\"],\"id\":\"4\"},{\"disks\":[\"1\"],\"id\":\"5\"},{\"disks\":[\"1\"],\"id\":\"6\"}],\"humidity\":\"41.8\",\"id\":\"5\",\"temperature\":\"36.5\"},{\"groups\":[{\"disks\":[\"1\"],\"id\":\"1\"},{\"disks\":[\"1\"],\"id\":\"2\"},{\"disks\":[\"1\"],\"id\":\"3\"},{\"disks\":[\"1\"],\"id\":\"4\"},{\"disks\":[\"1\"],\"id\":\"5\"},{\"disks\":[\"1\"],\"id\":\"6\"}],\"humidity\":\"41.9\",\"id\":\"6\",\"temperature\":\"36.6\"}],\"status\":\"0\",\"substatus\":\"0\",\"voltage\":\"23.5\"}','HSX100JG1440001'),(2,'2',NULL,6,6,4,1,0,'23.3','78','12.8','{\"CMD_ID\":\"0\",\"cmd\":\"DEVICESTATUS\",\"current\":\"12.8\",\"device_id\":\"2\",\"electricity\":\"78\",\"levels\":[{\"groups\":[{\"disks\":[\"1\"],\"id\":\"1\"},{\"disks\":[\"1\"],\"id\":\"2\"},{\"disks\":[\"1\"],\"id\":\"3\"},{\"disks\":[\"1\"],\"id\":\"4\"},{\"disks\":[\"1\"],\"id\":\"5\"},{\"disks\":[\"1\"],\"id\":\"6\"}],\"humidity\":\"44.2\",\"id\":\"1\",\"temperature\":\"35.5\"},{\"groups\":[{\"disks\":[\"1\"],\"id\":\"1\"},{\"disks\":[\"1\"],\"id\":\"2\"},{\"disks\":[\"1\"],\"id\":\"5\"},{\"disks\":[\"1\"],\"id\":\"6\"}],\"humidity\":\"45.6\",\"id\":\"2\",\"temperature\":\"34.9\"},{\"groups\":[{\"disks\":[\"1\"],\"id\":\"1\"},{\"disks\":[\"1\"],\"id\":\"2\"},{\"disks\":[\"1\"],\"id\":\"3\"},{\"disks\":[\"1\"],\"id\":\"4\"},{\"disks\":[\"1\"],\"id\":\"5\"},{\"disks\":[\"1\"],\"id\":\"6\"}],\"humidity\":\"47.0\",\"id\":\"3\",\"temperature\":\"34.3\"},{\"groups\":[{\"disks\":[\"1\"],\"id\":\"1\"},{\"disks\":[\"1\"],\"id\":\"2\"},{\"disks\":[\"1\"],\"id\":\"3\"},{\"disks\":[\"1\"],\"id\":\"4\"},{\"disks\":[\"1\"],\"id\":\"5\"},{\"disks\":[\"1\"],\"id\":\"6\"}],\"humidity\":\"53.6\",\"id\":\"4\",\"temperature\":\"31.9\"},{\"groups\":[{\"disks\":[\"1\"],\"id\":\"1\"},{\"disks\":[\"1\"],\"id\":\"4\"},{\"disks\":[\"1\"],\"id\":\"5\"},{\"disks\":[\"1\"],\"id\":\"6\"}],\"humidity\":\"44.2\",\"id\":\"5\",\"temperature\":\"35.3\"},{\"groups\":[{\"disks\":[\"1\"],\"id\":\"1\"}],\"humidity\":\"56.5\",\"id\":\"6\",\"temperature\":\"30.8\"}],\"status\":\"0\",\"substatus\":\"0\",\"voltage\":\"23.3\"}','HSX100JG1440002');
/*!40000 ALTER TABLE `gui_cab` ENABLE KEYS */;
UNLOCK TABLES;

--
-- Table structure for table `gui_check_conf`
--

DROP TABLE IF EXISTS `gui_check_conf`;
/*!40101 SET @saved_cs_client     = @@character_set_client */;
/*!40101 SET character_set_client = utf8 */;
CREATE TABLE `gui_check_conf` (
  `id` int(10) NOT NULL AUTO_INCREMENT,
  `time` varchar(100) DEFAULT NULL,
  `type` varchar(10) DEFAULT NULL,
  `is_current` tinyint(1) DEFAULT NULL,
  `hour` smallint(6) DEFAULT NULL,
  `start_date` varchar(100) DEFAULT NULL,
  `unit` varchar(10) DEFAULT NULL,
  `cnt` smallint(6) DEFAULT NULL,
  `user_id` smallint(6) DEFAULT NULL,
  PRIMARY KEY (`id`)
) ENGINE=InnoDB DEFAULT CHARSET=utf8;
/*!40101 SET character_set_client = @saved_cs_client */;

--
-- Dumping data for table `gui_check_conf`
--

LOCK TABLES `gui_check_conf` WRITE;
/*!40000 ALTER TABLE `gui_check_conf` DISABLE KEYS */;
/*!40000 ALTER TABLE `gui_check_conf` ENABLE KEYS */;
UNLOCK TABLES;

--
-- Table structure for table `gui_check_plan`
--

DROP TABLE IF EXISTS `gui_check_plan`;
/*!40101 SET @saved_cs_client     = @@character_set_client */;
/*!40101 SET character_set_client = utf8 */;
CREATE TABLE `gui_check_plan` (
  `id` smallint(6) NOT NULL AUTO_INCREMENT,
  `type` varchar(10) DEFAULT NULL,
  `status` smallint(6) DEFAULT NULL,
  `start_time` varchar(100) DEFAULT NULL,
  `finish_time` varchar(100) DEFAULT NULL,
  `modify_time` varchar(100) DEFAULT NULL,
  `user_id` smallint(6) NOT NULL DEFAULT '0',
  PRIMARY KEY (`id`)
) ENGINE=InnoDB DEFAULT CHARSET=utf8;
/*!40101 SET character_set_client = @saved_cs_client */;

--
-- Dumping data for table `gui_check_plan`
--

LOCK TABLES `gui_check_plan` WRITE;
/*!40000 ALTER TABLE `gui_check_plan` DISABLE KEYS */;
/*!40000 ALTER TABLE `gui_check_plan` ENABLE KEYS */;
UNLOCK TABLES;

--
-- Table structure for table `gui_check_start_time`
--

DROP TABLE IF EXISTS `gui_check_start_time`;
/*!40101 SET @saved_cs_client     = @@character_set_client */;
/*!40101 SET character_set_client = utf8 */;
CREATE TABLE `gui_check_start_time` (
  `id` int(10) NOT NULL AUTO_INCREMENT,
  `is_current` tinyint(1) DEFAULT '1',
  `type` varchar(10) DEFAULT NULL,
  `start_date` varchar(100) DEFAULT NULL,
  PRIMARY KEY (`id`)
) ENGINE=InnoDB DEFAULT CHARSET=utf8;
/*!40101 SET character_set_client = @saved_cs_client */;

--
-- Dumping data for table `gui_check_start_time`
--

LOCK TABLES `gui_check_start_time` WRITE;
/*!40000 ALTER TABLE `gui_check_start_time` DISABLE KEYS */;
/*!40000 ALTER TABLE `gui_check_start_time` ENABLE KEYS */;
UNLOCK TABLES;

--
-- Table structure for table `gui_chg_log`
--

DROP TABLE IF EXISTS `gui_chg_log`;
/*!40101 SET @saved_cs_client     = @@character_set_client */;
/*!40101 SET character_set_client = utf8 */;
CREATE TABLE `gui_chg_log` (
  `id` int(10) NOT NULL AUTO_INCREMENT,
  `obj_id` int(5) NOT NULL,
  `value` varchar(300) NOT NULL COMMENT 'md5 or sn',
  `time` varchar(50) DEFAULT NULL,
  `handled` int(1) NOT NULL,
  `comment` varchar(3000) DEFAULT NULL,
  `type` varchar(20) DEFAULT NULL,
  PRIMARY KEY (`id`)
) ENGINE=InnoDB DEFAULT CHARSET=utf8 COMMENT='异常记录';
/*!40101 SET character_set_client = @saved_cs_client */;

--
-- Dumping data for table `gui_chg_log`
--

LOCK TABLES `gui_chg_log` WRITE;
/*!40000 ALTER TABLE `gui_chg_log` DISABLE KEYS */;
/*!40000 ALTER TABLE `gui_chg_log` ENABLE KEYS */;
UNLOCK TABLES;

--
-- Table structure for table `gui_cmd_log`
--

DROP TABLE IF EXISTS `gui_cmd_log`;
/*!40101 SET @saved_cs_client     = @@character_set_client */;
/*!40101 SET character_set_client = utf8 */;
CREATE TABLE `gui_cmd_log` (
  `id` int(11) NOT NULL AUTO_INCREMENT,
  `dst_id` int(10) DEFAULT '0' COMMENT '目标命令id',
  `user_id` int(11) DEFAULT NULL,
  `cmd` varchar(20) NOT NULL,
  `sub_cmd` varchar(10) NOT NULL,
  `start_time` varchar(500) DEFAULT NULL COMMENT '开始时间',
  `status` int(2) DEFAULT NULL,
  `sub_status` int(2) DEFAULT '0' COMMENT '子状态',
  `stage` varchar(30) DEFAULT NULL,
  `progress` float DEFAULT NULL,
  `msg` varchar(1000) DEFAULT NULL COMMENT 'json原命令',
  `return_msg` varchar(1000) DEFAULT NULL COMMENT '桥接返回消息',
  `finished` smallint(1) DEFAULT '1' COMMENT '命令完成标识，1：已经完成；0：未完成；',
  `extra_info` varchar(256) DEFAULT NULL,
  PRIMARY KEY (`id`)
) ENGINE=InnoDB AUTO_INCREMENT=138 DEFAULT CHARSET=utf8;
/*!40101 SET character_set_client = @saved_cs_client */;

--
-- Dumping data for table `gui_cmd_log`
--

LOCK TABLES `gui_cmd_log` WRITE;
/*!40000 ALTER TABLE `gui_cmd_log` DISABLE KEYS */;
INSERT INTO `gui_cmd_log` VALUES (1,0,2,'DEVICEINFO','START','1468910316',0,0,NULL,NULL,'{\"CMD_ID\":\"1\",\"cmd\":\"DEVICEINFO\"}','{\"CMD_ID\":\"1\",\"cabinets\":[{\"disk_cnt\":\"4\",\"group_cnt\":\"6\",\"id\":\"1\",\"level_cnt\":\"6\",\"sn\":\"HSX100JG1440001\"},{\"disk_cnt\":\"4\",\"group_cnt\":\"6\",\"id\":\"2\",\"level_cnt\":\"6\",\"sn\":\"HSX100JG1440002\"}],\"cmd\":\"DEVICEINFO\",\"status\":\"0\",\"substatus\":\"0\"}',1,NULL),(2,0,2,'DEVICESTATUS','START','1468910377',0,0,NULL,NULL,'{\"CMD_ID\":\"2\",\"cmd\":\"DEVICESTATUS\",\"device_id\":\"1\"}','{\"CMD_ID\":\"2\",\"cmd\":\"DEVICESTATUS\",\"current\":\"0.5\",\"device_id\":\"1\",\"electricity\":\"71\",\"levels\":[{\"groups\":[{\"disks\":[\"1\"],\"id\":\"1\"},{\"disks\":[\"1\"],\"id\":\"2\"},{\"disks\":[\"1\"],\"id\":\"3\"},{\"disks\":[\"1\"],\"id\":\"4\"},{\"disks\":[\"1\"],\"id\":\"5\"},{\"disks\":[\"1\"],\"id\":\"6\"}],\"humidity\":\"46.1\",\"id\":\"1\",\"temperature\":\"29.7\"},{\"groups\":[{\"disks\":[\"1\"],\"id\":\"1\"},{\"disks\":[\"1\"],\"id\":\"2\"},{\"disks\":[\"1\"],\"id\":\"3\"},{\"disks\":[\"1\"],\"id\":\"4\"},{\"disks\":[\"1\"],\"id\":\"5\"},{\"disks\":[\"1\"],\"id\":\"6\"}],\"humidity\":\"45.9\",\"id\":\"2\",\"temperature\":\"29.7\"},{\"groups\":[{\"disks\":[\"1\"],\"id\":\"1\"},{\"disks\":[\"1\"],\"id\":\"2\"},{\"disks\":[\"1\"],\"id\":\"3\"},{\"disks\":[\"1\"],\"id\":\"4\"},{\"disks\":[\"1\"],\"id\":\"5\"},{\"disks\":[\"1\"],\"id\":\"6\"}],\"humidity\":\"45.9\",\"id\":\"3\",\"temperature\":\"29.6\"},{\"groups\":[{\"disks\":[\"1\",\"2\"],\"id\":\"1\"},{\"disks\":[\"1\"],\"id\":\"2\"},{\"disks\":[\"1\"],\"id\":\"3\"},{\"disks\":[\"1\"],\"id\":\"4\"},{\"disks\":[\"1\"],\"id\":\"5\"}],\"humidity\":\"46.9\",\"id\":\"4\",\"temperature\":\"29.5\"},{\"groups\":[{\"disks\":[\"1\"],\"id\":\"1\"},{\"disks\":[\"1\"],\"id\":\"2\"},{\"disks\":[\"1\"],\"id\":',1,NULL),(3,0,2,'DEVICESTATUS','START','1468910389',0,0,NULL,NULL,'{\"CMD_ID\":\"3\",\"cmd\":\"DEVICESTATUS\",\"device_id\":\"2\"}','{\"CMD_ID\":\"3\",\"cmd\":\"DEVICESTATUS\",\"current\":\"0.5\",\"device_id\":\"2\",\"electricity\":\"96\",\"levels\":[{\"groups\":[{\"disks\":[\"1\"],\"id\":\"1\"},{\"disks\":[\"1\"],\"id\":\"2\"},{\"disks\":[\"1\"],\"id\":\"3\"},{\"disks\":[\"1\"],\"id\":\"4\"},{\"disks\":[\"1\"],\"id\":\"5\"},{\"disks\":[\"1\"],\"id\":\"6\"}],\"humidity\":\"44.2\",\"id\":\"1\",\"temperature\":\"30.7\"},{\"groups\":[{\"disks\":[\"1\"],\"id\":\"1\"},{\"disks\":[\"1\"],\"id\":\"2\"},{\"disks\":[\"1\"],\"id\":\"5\"},{\"disks\":[\"1\"],\"id\":\"6\"}],\"humidity\":\"46.3\",\"id\":\"2\",\"temperature\":\"29.8\"},{\"groups\":[{\"disks\":[\"1\"],\"id\":\"1\"},{\"disks\":[\"1\"],\"id\":\"2\"},{\"disks\":[\"1\"],\"id\":\"3\"},{\"disks\":[\"1\"],\"id\":\"4\"},{\"disks\":[\"1\"],\"id\":\"5\"},{\"disks\":[\"1\"],\"id\":\"6\"}],\"humidity\":\"46.2\",\"id\":\"3\",\"temperature\":\"29.7\"},{\"groups\":[{\"disks\":[\"1\"],\"id\":\"1\"},{\"disks\":[\"1\"],\"id\":\"2\"},{\"disks\":[\"1\"],\"id\":\"3\"},{\"disks\":[\"1\"],\"id\":\"4\"},{\"disks\":[\"1\"],\"id\":\"5\"},{\"disks\":[\"1\"],\"id\":\"6\"}],\"humidity\":\"45.3\",\"id\":\"4\",\"temperature\":\"30.1\"},{\"groups\":[{\"disks\":[\"1\"],\"id\":\"1\"},{\"disks\":[\"1\"],\"id\":\"4\"},{\"disks\":[\"1\"],\"id\":\"5\"},{\"disks\":[\"1\"],\"id\":\"6\"}',1,NULL),(4,0,2,'DISKINFO','START','1468910656',0,0,NULL,NULL,'{\"CMD_ID\":\"4\",\"cmd\":\"DISKINFO\",\"subcmd\":\"START\",\"level\":\"1\",\"group\":\"1\",\"disk\":\"1\",\"device_id\":\"2\"}','{\"CMD_ID\":\"4\",\"SN\":\"S4Y12ZEZ\",\"SmartAttrs\":[{\"dat\":\"00000000\",\"ex_dat\":\"0000\",\"flag\":\"0033\",\"id\":\"05\",\"thd\":\"0A\",\"val\":\"64\",\"w_val\":\"64\"},{\"dat\":\"00000000\",\"ex_dat\":\"0000\",\"flag\":\"0012\",\"id\":\"C5\",\"thd\":\"00\",\"val\":\"64\",\"w_val\":\"64\"},{\"dat\":\"00000000\",\"ex_dat\":\"0000\",\"flag\":\"0010\",\"id\":\"C6\",\"thd\":\"00\",\"val\":\"64\",\"w_val\":\"64\"}],\"capacity\":\"931\",\"cmd\":\"DISKINFO\",\"device_id\":\"2\",\"disk\":\"1\",\"disk_status\":\"0\",\"group\":\"1\",\"level\":\"1\",\"status\":\"0\",\"substatus\":\"0\"}',1,NULL),(5,0,2,'DISKINFO','START','1468910659',0,0,NULL,NULL,'{\"CMD_ID\":\"5\",\"cmd\":\"DISKINFO\",\"subcmd\":\"START\",\"level\":\"1\",\"group\":\"2\",\"disk\":\"1\",\"device_id\":\"2\"}','{\"CMD_ID\":\"5\",\"SN\":\"W4Z09375\",\"SmartAttrs\":[{\"dat\":\"00000000\",\"ex_dat\":\"0000\",\"flag\":\"0033\",\"id\":\"05\",\"thd\":\"0A\",\"val\":\"64\",\"w_val\":\"64\"},{\"dat\":\"00000000\",\"ex_dat\":\"0000\",\"flag\":\"0012\",\"id\":\"C5\",\"thd\":\"00\",\"val\":\"64\",\"w_val\":\"64\"},{\"dat\":\"00000000\",\"ex_dat\":\"0000\",\"flag\":\"0010\",\"id\":\"C6\",\"thd\":\"00\",\"val\":\"64\",\"w_val\":\"64\"}],\"capacity\":\"1863\",\"cmd\":\"DISKINFO\",\"device_id\":\"2\",\"disk\":\"1\",\"disk_status\":\"0\",\"group\":\"2\",\"level\":\"1\",\"status\":\"0\",\"substatus\":\"0\"}',1,NULL),(6,0,2,'DISKINFO','START','1468910662',0,0,NULL,NULL,'{\"CMD_ID\":\"6\",\"cmd\":\"DISKINFO\",\"subcmd\":\"START\",\"level\":\"1\",\"group\":\"3\",\"disk\":\"1\",\"device_id\":\"2\"}','{\"CMD_ID\":\"6\",\"SN\":\"S4Z0A7W5\",\"SmartAttrs\":[{\"dat\":\"00000000\",\"ex_dat\":\"0000\",\"flag\":\"0033\",\"id\":\"05\",\"thd\":\"0A\",\"val\":\"64\",\"w_val\":\"64\"},{\"dat\":\"00000000\",\"ex_dat\":\"0000\",\"flag\":\"0012\",\"id\":\"C5\",\"thd\":\"00\",\"val\":\"64\",\"w_val\":\"64\"},{\"dat\":\"00000000\",\"ex_dat\":\"0000\",\"flag\":\"0010\",\"id\":\"C6\",\"thd\":\"00\",\"val\":\"64\",\"w_val\":\"64\"}],\"capacity\":\"1863\",\"cmd\":\"DISKINFO\",\"device_id\":\"2\",\"disk\":\"1\",\"disk_status\":\"0\",\"group\":\"3\",\"level\":\"1\",\"status\":\"0\",\"substatus\":\"0\"}',1,NULL),(7,0,2,'DISKINFO','START','1468910666',0,0,NULL,NULL,'{\"CMD_ID\":\"7\",\"cmd\":\"DISKINFO\",\"subcmd\":\"START\",\"level\":\"1\",\"group\":\"4\",\"disk\":\"1\",\"device_id\":\"2\"}','{\"CMD_ID\":\"7\",\"SN\":\"S4Z0AGYT\",\"SmartAttrs\":[{\"dat\":\"00000000\",\"ex_dat\":\"0000\",\"flag\":\"0033\",\"id\":\"05\",\"thd\":\"0A\",\"val\":\"64\",\"w_val\":\"64\"},{\"dat\":\"00000000\",\"ex_dat\":\"0000\",\"flag\":\"0012\",\"id\":\"C5\",\"thd\":\"00\",\"val\":\"64\",\"w_val\":\"64\"},{\"dat\":\"00000000\",\"ex_dat\":\"0000\",\"flag\":\"0010\",\"id\":\"C6\",\"thd\":\"00\",\"val\":\"64\",\"w_val\":\"64\"}],\"capacity\":\"1863\",\"cmd\":\"DISKINFO\",\"device_id\":\"2\",\"disk\":\"1\",\"disk_status\":\"0\",\"group\":\"4\",\"level\":\"1\",\"status\":\"0\",\"substatus\":\"0\"}',1,NULL),(8,0,2,'DISKINFO','START','1468910670',0,0,NULL,NULL,'{\"CMD_ID\":\"8\",\"cmd\":\"DISKINFO\",\"subcmd\":\"START\",\"level\":\"1\",\"group\":\"5\",\"disk\":\"1\",\"device_id\":\"2\"}','{\"CMD_ID\":\"8\",\"SN\":\"PFDB30K2CPQSRB\",\"SmartAttrs\":[{\"dat\":\"00000000\",\"ex_dat\":\"0000\",\"flag\":\"0033\",\"id\":\"05\",\"thd\":\"05\",\"val\":\"64\",\"w_val\":\"64\"},{\"dat\":\"00000000\",\"ex_dat\":\"0000\",\"flag\":\"0022\",\"id\":\"C5\",\"thd\":\"00\",\"val\":\"64\",\"w_val\":\"64\"},{\"dat\":\"00000000\",\"ex_dat\":\"0000\",\"flag\":\"0008\",\"id\":\"C6\",\"thd\":\"00\",\"val\":\"64\",\"w_val\":\"64\"}],\"capacity\":\"76\",\"cmd\":\"DISKINFO\",\"device_id\":\"2\",\"disk\":\"1\",\"disk_status\":\"0\",\"group\":\"5\",\"level\":\"1\",\"status\":\"0\",\"substatus\":\"0\"}',1,NULL),(9,0,2,'DISKINFO','START','1468910674',0,0,NULL,NULL,'{\"CMD_ID\":\"9\",\"cmd\":\"DISKINFO\",\"subcmd\":\"START\",\"level\":\"1\",\"group\":\"6\",\"disk\":\"1\",\"device_id\":\"2\"}','{\"CMD_ID\":\"9\",\"SN\":\"S4Z0B7W3\",\"SmartAttrs\":[{\"dat\":\"00000000\",\"ex_dat\":\"0000\",\"flag\":\"0033\",\"id\":\"05\",\"thd\":\"0A\",\"val\":\"64\",\"w_val\":\"64\"},{\"dat\":\"00000000\",\"ex_dat\":\"0000\",\"flag\":\"0012\",\"id\":\"C5\",\"thd\":\"00\",\"val\":\"64\",\"w_val\":\"64\"},{\"dat\":\"00000000\",\"ex_dat\":\"0000\",\"flag\":\"0010\",\"id\":\"C6\",\"thd\":\"00\",\"val\":\"64\",\"w_val\":\"64\"}],\"capacity\":\"1863\",\"cmd\":\"DISKINFO\",\"device_id\":\"2\",\"disk\":\"1\",\"disk_status\":\"0\",\"group\":\"6\",\"level\":\"1\",\"status\":\"0\",\"substatus\":\"0\"}',1,NULL),(10,0,2,'DISKINFO','START','1468910702',0,0,NULL,NULL,'{\"CMD_ID\":\"10\",\"cmd\":\"DISKINFO\",\"subcmd\":\"START\",\"level\":\"2\",\"group\":\"1\",\"disk\":\"1\",\"device_id\":\"2\"}','{\"CMD_ID\":\"10\",\"SN\":\"Z4Y24G1E\",\"SmartAttrs\":[{\"dat\":\"00000000\",\"ex_dat\":\"0000\",\"flag\":\"0033\",\"id\":\"05\",\"thd\":\"0A\",\"val\":\"64\",\"w_val\":\"64\"},{\"dat\":\"00000000\",\"ex_dat\":\"0000\",\"flag\":\"0012\",\"id\":\"C5\",\"thd\":\"00\",\"val\":\"64\",\"w_val\":\"64\"},{\"dat\":\"00000000\",\"ex_dat\":\"0000\",\"flag\":\"0010\",\"id\":\"C6\",\"thd\":\"00\",\"val\":\"64\",\"w_val\":\"64\"}],\"capacity\":\"931\",\"cmd\":\"DISKINFO\",\"device_id\":\"2\",\"disk\":\"1\",\"disk_status\":\"0\",\"group\":\"1\",\"level\":\"2\",\"status\":\"0\",\"substatus\":\"0\"}',1,NULL),(11,0,2,'DISKINFO','START','1468910708',0,0,NULL,NULL,'{\"CMD_ID\":\"11\",\"cmd\":\"DISKINFO\",\"subcmd\":\"START\",\"level\":\"2\",\"group\":\"2\",\"disk\":\"1\",\"device_id\":\"2\"}','{\"CMD_ID\":\"11\",\"SN\":\"S4Z0AJ8T\",\"SmartAttrs\":[{\"dat\":\"00000000\",\"ex_dat\":\"0000\",\"flag\":\"0033\",\"id\":\"05\",\"thd\":\"0A\",\"val\":\"64\",\"w_val\":\"64\"},{\"dat\":\"00000000\",\"ex_dat\":\"0000\",\"flag\":\"0012\",\"id\":\"C5\",\"thd\":\"00\",\"val\":\"64\",\"w_val\":\"64\"},{\"dat\":\"00000000\",\"ex_dat\":\"0000\",\"flag\":\"0010\",\"id\":\"C6\",\"thd\":\"00\",\"val\":\"64\",\"w_val\":\"64\"}],\"capacity\":\"1863\",\"cmd\":\"DISKINFO\",\"device_id\":\"2\",\"disk\":\"1\",\"disk_status\":\"0\",\"group\":\"2\",\"level\":\"2\",\"status\":\"0\",\"substatus\":\"0\"}',1,NULL),(12,0,2,'DISKINFO','START','1468910712',0,0,NULL,NULL,'{\"CMD_ID\":\"12\",\"cmd\":\"DISKINFO\",\"subcmd\":\"START\",\"level\":\"2\",\"group\":\"5\",\"disk\":\"1\",\"device_id\":\"2\"}','{\"CMD_ID\":\"12\",\"SN\":\"W4Z093N8\",\"SmartAttrs\":[{\"dat\":\"00000000\",\"ex_dat\":\"0000\",\"flag\":\"0033\",\"id\":\"05\",\"thd\":\"0A\",\"val\":\"64\",\"w_val\":\"64\"},{\"dat\":\"00000000\",\"ex_dat\":\"0000\",\"flag\":\"0012\",\"id\":\"C5\",\"thd\":\"00\",\"val\":\"64\",\"w_val\":\"64\"},{\"dat\":\"00000000\",\"ex_dat\":\"0000\",\"flag\":\"0010\",\"id\":\"C6\",\"thd\":\"00\",\"val\":\"64\",\"w_val\":\"64\"}],\"capacity\":\"1863\",\"cmd\":\"DISKINFO\",\"device_id\":\"2\",\"disk\":\"1\",\"disk_status\":\"0\",\"group\":\"5\",\"level\":\"2\",\"status\":\"0\",\"substatus\":\"0\"}',1,NULL),(13,0,2,'DISKINFO','START','1468910715',0,0,NULL,NULL,'{\"CMD_ID\":\"13\",\"cmd\":\"DISKINFO\",\"subcmd\":\"START\",\"level\":\"2\",\"group\":\"6\",\"disk\":\"1\",\"device_id\":\"2\"}','{\"CMD_ID\":\"13\",\"SN\":\"S4Y139Z2\",\"SmartAttrs\":[{\"dat\":\"00000000\",\"ex_dat\":\"0000\",\"flag\":\"0033\",\"id\":\"05\",\"thd\":\"0A\",\"val\":\"64\",\"w_val\":\"64\"},{\"dat\":\"00000000\",\"ex_dat\":\"0000\",\"flag\":\"0012\",\"id\":\"C5\",\"thd\":\"00\",\"val\":\"64\",\"w_val\":\"64\"},{\"dat\":\"00000000\",\"ex_dat\":\"0000\",\"flag\":\"0010\",\"id\":\"C6\",\"thd\":\"00\",\"val\":\"64\",\"w_val\":\"64\"}],\"capacity\":\"931\",\"cmd\":\"DISKINFO\",\"device_id\":\"2\",\"disk\":\"1\",\"disk_status\":\"0\",\"group\":\"6\",\"level\":\"2\",\"status\":\"0\",\"substatus\":\"0\"}',1,NULL),(14,0,2,'MD5','START','1468910746',0,0,NULL,47.39,'{\"CMD_ID\":\"14\",\"cmd\":\"MD5\",\"subcmd\":\"START\",\"level\":\"1\",\"group\":\"4\",\"disk\":\"1\",\"device_id\":\"2\"}','{\"CMD_ID\":\"14\",\"cmd\":\"MD5\",\"device_id\":\"2\",\"disk\":\"1\",\"group\":\"4\",\"level\":\"1\",\"status\":\"0\",\"subcmd\":\"START\",\"substatus\":\"0\"}',0,'{\"temp\":\"41\"}'),(15,0,2,'MD5','START','1468910751',0,0,NULL,88.97,'{\"CMD_ID\":\"15\",\"cmd\":\"MD5\",\"subcmd\":\"START\",\"level\":\"1\",\"group\":\"1\",\"disk\":\"1\",\"device_id\":\"2\"}','{\"CMD_ID\":\"15\",\"cmd\":\"MD5\",\"device_id\":\"2\",\"disk\":\"1\",\"group\":\"1\",\"level\":\"1\",\"status\":\"0\",\"subcmd\":\"START\",\"substatus\":\"0\"}',0,'{\"temp\":\"40\"}'),(16,0,2,'MD5','START','1468910752',0,0,'STOP',100,'{\"CMD_ID\":\"16\",\"cmd\":\"MD5\",\"subcmd\":\"START\",\"level\":\"1\",\"group\":\"5\",\"disk\":\"1\",\"device_id\":\"2\"}','{\"CMD_ID\":\"16\",\"cmd\":\"MD5\",\"device_id\":\"2\",\"disk\":\"1\",\"group\":\"5\",\"level\":\"1\",\"status\":\"0\",\"subcmd\":\"START\",\"substatus\":\"0\"}',1,'{\"temp\":\"42\"}'),(17,0,2,'MD5','START','1468910756',0,0,NULL,46.89,'{\"CMD_ID\":\"17\",\"cmd\":\"MD5\",\"subcmd\":\"START\",\"level\":\"1\",\"group\":\"3\",\"disk\":\"1\",\"device_id\":\"2\"}','{\"CMD_ID\":\"17\",\"cmd\":\"MD5\",\"device_id\":\"2\",\"disk\":\"1\",\"group\":\"3\",\"level\":\"1\",\"status\":\"0\",\"subcmd\":\"START\",\"substatus\":\"0\"}',0,'{\"temp\":\"42\"}'),(18,0,2,'MD5','START','1468910771',0,0,NULL,51.07,'{\"CMD_ID\":\"18\",\"cmd\":\"MD5\",\"subcmd\":\"START\",\"level\":\"1\",\"group\":\"6\",\"disk\":\"1\",\"device_id\":\"2\"}','{\"CMD_ID\":\"18\",\"cmd\":\"MD5\",\"device_id\":\"2\",\"disk\":\"1\",\"group\":\"6\",\"level\":\"1\",\"status\":\"0\",\"subcmd\":\"START\",\"substatus\":\"0\"}',0,'{\"temp\":\"40\"}'),(19,0,2,'MD5','START','1468910796',0,0,NULL,50.73,'{\"CMD_ID\":\"19\",\"cmd\":\"MD5\",\"subcmd\":\"START\",\"level\":\"1\",\"group\":\"2\",\"disk\":\"1\",\"device_id\":\"2\"}','{\"CMD_ID\":\"19\",\"cmd\":\"MD5\",\"device_id\":\"2\",\"disk\":\"1\",\"group\":\"2\",\"level\":\"1\",\"status\":\"0\",\"subcmd\":\"START\",\"substatus\":\"0\"}',0,'{\"temp\":\"42\"}'),(20,0,2,'MD5','START','1468910816',0,0,NULL,88.14,'{\"CMD_ID\":\"20\",\"cmd\":\"MD5\",\"subcmd\":\"START\",\"level\":\"2\",\"group\":\"1\",\"disk\":\"1\",\"device_id\":\"2\"}','{\"CMD_ID\":\"20\",\"cmd\":\"MD5\",\"device_id\":\"2\",\"disk\":\"1\",\"group\":\"1\",\"level\":\"2\",\"status\":\"0\",\"subcmd\":\"START\",\"substatus\":\"0\"}',0,'{\"temp\":\"40\"}'),(21,0,2,'MD5','START','1468910821',0,0,NULL,45.09,'{\"CMD_ID\":\"21\",\"cmd\":\"MD5\",\"subcmd\":\"START\",\"level\":\"2\",\"group\":\"2\",\"disk\":\"1\",\"device_id\":\"2\"}','{\"CMD_ID\":\"21\",\"cmd\":\"MD5\",\"device_id\":\"2\",\"disk\":\"1\",\"group\":\"2\",\"level\":\"2\",\"status\":\"0\",\"subcmd\":\"START\",\"substatus\":\"0\"}',0,'{\"temp\":\"39\"}'),(22,0,2,'MD5','START','1468910826',0,0,NULL,52.54,'{\"CMD_ID\":\"22\",\"cmd\":\"MD5\",\"subcmd\":\"START\",\"level\":\"2\",\"group\":\"5\",\"disk\":\"1\",\"device_id\":\"2\"}','{\"CMD_ID\":\"22\",\"cmd\":\"MD5\",\"device_id\":\"2\",\"disk\":\"1\",\"group\":\"5\",\"level\":\"2\",\"status\":\"0\",\"subcmd\":\"START\",\"substatus\":\"0\"}',0,'{\"temp\":\"38\"}'),(23,0,2,'MD5','START','1468910831',0,0,NULL,90.44,'{\"CMD_ID\":\"23\",\"cmd\":\"MD5\",\"subcmd\":\"START\",\"level\":\"2\",\"group\":\"6\",\"disk\":\"1\",\"device_id\":\"2\"}','{\"CMD_ID\":\"23\",\"cmd\":\"MD5\",\"device_id\":\"2\",\"disk\":\"1\",\"group\":\"6\",\"level\":\"2\",\"status\":\"0\",\"subcmd\":\"START\",\"substatus\":\"0\"}',0,'{\"temp\":\"38\"}'),(24,0,2,'DISKINFO','START','1468910961',0,0,NULL,NULL,'{\"CMD_ID\":\"24\",\"cmd\":\"DISKINFO\",\"subcmd\":\"START\",\"level\":\"3\",\"group\":\"1\",\"disk\":\"1\",\"device_id\":\"2\"}','{\"CMD_ID\":\"24\",\"SN\":\"6SZ1YQNK\",\"SmartAttrs\":[{\"dat\":\"00000000\",\"ex_dat\":\"0400\",\"flag\":\"0033\",\"id\":\"05\",\"thd\":\"24\",\"val\":\"64\",\"w_val\":\"64\"},{\"dat\":\"00000000\",\"ex_dat\":\"0000\",\"flag\":\"0012\",\"id\":\"C5\",\"thd\":\"00\",\"val\":\"64\",\"w_val\":\"64\"},{\"dat\":\"00000000\",\"ex_dat\":\"0000\",\"flag\":\"0010\",\"id\":\"C6\",\"thd\":\"00\",\"val\":\"64\",\"w_val\":\"64\"}],\"capacity\":\"298\",\"cmd\":\"DISKINFO\",\"device_id\":\"2\",\"disk\":\"1\",\"disk_status\":\"0\",\"group\":\"1\",\"level\":\"3\",\"status\":\"0\",\"substatus\":\"0\"}',1,NULL),(25,0,2,'DISKINFO','START','1468910964',0,0,NULL,NULL,'{\"CMD_ID\":\"25\",\"cmd\":\"DISKINFO\",\"subcmd\":\"START\",\"level\":\"3\",\"group\":\"2\",\"disk\":\"1\",\"device_id\":\"2\"}','{\"CMD_ID\":\"25\",\"SN\":\"9SZ39SFY\",\"SmartAttrs\":[{\"dat\":\"00000000\",\"ex_dat\":\"0000\",\"flag\":\"0033\",\"id\":\"05\",\"thd\":\"24\",\"val\":\"64\",\"w_val\":\"64\"},{\"dat\":\"00000000\",\"ex_dat\":\"0000\",\"flag\":\"0012\",\"id\":\"C5\",\"thd\":\"00\",\"val\":\"64\",\"w_val\":\"64\"},{\"dat\":\"00000000\",\"ex_dat\":\"0000\",\"flag\":\"0010\",\"id\":\"C6\",\"thd\":\"00\",\"val\":\"64\",\"w_val\":\"64\"}],\"capacity\":\"298\",\"cmd\":\"DISKINFO\",\"device_id\":\"2\",\"disk\":\"1\",\"disk_status\":\"0\",\"group\":\"2\",\"level\":\"3\",\"status\":\"0\",\"substatus\":\"0\"}',1,NULL),(26,0,2,'DISKINFO','START','1468910969',0,0,NULL,NULL,'{\"CMD_ID\":\"26\",\"cmd\":\"DISKINFO\",\"subcmd\":\"START\",\"level\":\"3\",\"group\":\"3\",\"disk\":\"1\",\"device_id\":\"2\"}','{\"CMD_ID\":\"26\",\"SN\":\"W4Z093KQ\",\"SmartAttrs\":[{\"dat\":\"00000000\",\"ex_dat\":\"0000\",\"flag\":\"0033\",\"id\":\"05\",\"thd\":\"0A\",\"val\":\"64\",\"w_val\":\"64\"},{\"dat\":\"00000000\",\"ex_dat\":\"0000\",\"flag\":\"0012\",\"id\":\"C5\",\"thd\":\"00\",\"val\":\"64\",\"w_val\":\"64\"},{\"dat\":\"00000000\",\"ex_dat\":\"0000\",\"flag\":\"0010\",\"id\":\"C6\",\"thd\":\"00\",\"val\":\"64\",\"w_val\":\"64\"}],\"capacity\":\"1863\",\"cmd\":\"DISKINFO\",\"device_id\":\"2\",\"disk\":\"1\",\"disk_status\":\"0\",\"group\":\"3\",\"level\":\"3\",\"status\":\"0\",\"substatus\":\"0\"}',1,NULL),(27,0,2,'DISKINFO','START','1468910976',0,0,NULL,NULL,'{\"CMD_ID\":\"27\",\"cmd\":\"DISKINFO\",\"subcmd\":\"START\",\"level\":\"3\",\"group\":\"4\",\"disk\":\"1\",\"device_id\":\"2\"}','{\"CMD_ID\":\"27\",\"SN\":\"S4Z0AP32\",\"SmartAttrs\":[{\"dat\":\"00000000\",\"ex_dat\":\"0000\",\"flag\":\"0033\",\"id\":\"05\",\"thd\":\"0A\",\"val\":\"64\",\"w_val\":\"64\"},{\"dat\":\"00000000\",\"ex_dat\":\"0000\",\"flag\":\"0012\",\"id\":\"C5\",\"thd\":\"00\",\"val\":\"64\",\"w_val\":\"64\"},{\"dat\":\"00000000\",\"ex_dat\":\"0000\",\"flag\":\"0010\",\"id\":\"C6\",\"thd\":\"00\",\"val\":\"64\",\"w_val\":\"64\"}],\"capacity\":\"1863\",\"cmd\":\"DISKINFO\",\"device_id\":\"2\",\"disk\":\"1\",\"disk_status\":\"0\",\"group\":\"4\",\"level\":\"3\",\"status\":\"0\",\"substatus\":\"0\"}',1,NULL),(28,0,2,'DISKINFO','START','1468910981',0,0,NULL,NULL,'{\"CMD_ID\":\"28\",\"cmd\":\"DISKINFO\",\"subcmd\":\"START\",\"level\":\"3\",\"group\":\"5\",\"disk\":\"1\",\"device_id\":\"2\"}','{\"CMD_ID\":\"28\",\"SN\":\"S4Z0B8JR\",\"SmartAttrs\":[{\"dat\":\"00000000\",\"ex_dat\":\"0000\",\"flag\":\"0033\",\"id\":\"05\",\"thd\":\"0A\",\"val\":\"64\",\"w_val\":\"64\"},{\"dat\":\"00000000\",\"ex_dat\":\"0000\",\"flag\":\"0012\",\"id\":\"C5\",\"thd\":\"00\",\"val\":\"64\",\"w_val\":\"64\"},{\"dat\":\"00000000\",\"ex_dat\":\"0000\",\"flag\":\"0010\",\"id\":\"C6\",\"thd\":\"00\",\"val\":\"64\",\"w_val\":\"64\"}],\"capacity\":\"1863\",\"cmd\":\"DISKINFO\",\"device_id\":\"2\",\"disk\":\"1\",\"disk_status\":\"0\",\"group\":\"5\",\"level\":\"3\",\"status\":\"0\",\"substatus\":\"0\"}',1,NULL),(29,0,2,'DISKINFO','START','1468910985',0,0,NULL,NULL,'{\"CMD_ID\":\"29\",\"cmd\":\"DISKINFO\",\"subcmd\":\"START\",\"level\":\"3\",\"group\":\"6\",\"disk\":\"1\",\"device_id\":\"2\"}','{\"CMD_ID\":\"29\",\"SN\":\"S4Z05WRZ\",\"SmartAttrs\":[{\"dat\":\"00000000\",\"ex_dat\":\"0000\",\"flag\":\"0033\",\"id\":\"05\",\"thd\":\"0A\",\"val\":\"64\",\"w_val\":\"64\"},{\"dat\":\"00000000\",\"ex_dat\":\"0000\",\"flag\":\"0012\",\"id\":\"C5\",\"thd\":\"00\",\"val\":\"64\",\"w_val\":\"64\"},{\"dat\":\"00000000\",\"ex_dat\":\"0000\",\"flag\":\"0010\",\"id\":\"C6\",\"thd\":\"00\",\"val\":\"64\",\"w_val\":\"64\"}],\"capacity\":\"1863\",\"cmd\":\"DISKINFO\",\"device_id\":\"2\",\"disk\":\"1\",\"disk_status\":\"0\",\"group\":\"6\",\"level\":\"3\",\"status\":\"0\",\"substatus\":\"0\"}',1,NULL),(30,0,2,'MD5','START','1468911041',0,0,'STOP',100,'{\"CMD_ID\":\"30\",\"cmd\":\"MD5\",\"subcmd\":\"START\",\"level\":\"3\",\"group\":\"1\",\"disk\":\"1\",\"device_id\":\"2\"}','{\"CMD_ID\":\"30\",\"cmd\":\"MD5\",\"device_id\":\"2\",\"disk\":\"1\",\"group\":\"1\",\"level\":\"3\",\"status\":\"0\",\"subcmd\":\"START\",\"substatus\":\"0\"}',1,'{\"temp\":\"40\"}'),(31,0,2,'MD5','START','1468911046',0,0,'STOP',100,'{\"CMD_ID\":\"31\",\"cmd\":\"MD5\",\"subcmd\":\"START\",\"level\":\"3\",\"group\":\"2\",\"disk\":\"1\",\"device_id\":\"2\"}','{\"CMD_ID\":\"31\",\"cmd\":\"MD5\",\"device_id\":\"2\",\"disk\":\"1\",\"group\":\"2\",\"level\":\"3\",\"status\":\"0\",\"subcmd\":\"START\",\"substatus\":\"0\"}',1,'{\"temp\":\"43\"}'),(32,0,2,'MD5','START','1468911051',0,0,NULL,46.13,'{\"CMD_ID\":\"32\",\"cmd\":\"MD5\",\"subcmd\":\"START\",\"level\":\"3\",\"group\":\"3\",\"disk\":\"1\",\"device_id\":\"2\"}','{\"CMD_ID\":\"32\",\"cmd\":\"MD5\",\"device_id\":\"2\",\"disk\":\"1\",\"group\":\"3\",\"level\":\"3\",\"status\":\"0\",\"subcmd\":\"START\",\"substatus\":\"0\"}',0,'{\"temp\":\"41\"}'),(33,0,2,'MD5','START','1468911056',0,0,NULL,43.23,'{\"CMD_ID\":\"33\",\"cmd\":\"MD5\",\"subcmd\":\"START\",\"level\":\"3\",\"group\":\"4\",\"disk\":\"1\",\"device_id\":\"2\"}','{\"CMD_ID\":\"33\",\"cmd\":\"MD5\",\"device_id\":\"2\",\"disk\":\"1\",\"group\":\"4\",\"level\":\"3\",\"status\":\"0\",\"subcmd\":\"START\",\"substatus\":\"0\"}',0,'{\"temp\":\"41\"}'),(34,0,2,'MD5','START','1468911061',0,0,NULL,45.95,'{\"CMD_ID\":\"34\",\"cmd\":\"MD5\",\"subcmd\":\"START\",\"level\":\"3\",\"group\":\"5\",\"disk\":\"1\",\"device_id\":\"2\"}','{\"CMD_ID\":\"34\",\"cmd\":\"MD5\",\"device_id\":\"2\",\"disk\":\"1\",\"group\":\"5\",\"level\":\"3\",\"status\":\"0\",\"subcmd\":\"START\",\"substatus\":\"0\"}',0,'{\"temp\":\"41\"}'),(35,0,2,'MD5','START','1468911066',0,0,NULL,45.72,'{\"CMD_ID\":\"35\",\"cmd\":\"MD5\",\"subcmd\":\"START\",\"level\":\"3\",\"group\":\"6\",\"disk\":\"1\",\"device_id\":\"2\"}','{\"CMD_ID\":\"35\",\"cmd\":\"MD5\",\"device_id\":\"2\",\"disk\":\"1\",\"group\":\"6\",\"level\":\"3\",\"status\":\"0\",\"subcmd\":\"START\",\"substatus\":\"0\"}',0,'{\"temp\":\"40\"}'),(36,0,2,'DISKINFO','START','1468911071',0,0,NULL,NULL,'{\"CMD_ID\":\"36\",\"cmd\":\"DISKINFO\",\"subcmd\":\"START\",\"level\":\"4\",\"group\":\"1\",\"disk\":\"1\",\"device_id\":\"2\"}','{\"CMD_ID\":\"36\",\"SN\":\"W4Y13CYJ\",\"SmartAttrs\":[{\"dat\":\"00000000\",\"ex_dat\":\"0000\",\"flag\":\"0033\",\"id\":\"05\",\"thd\":\"0A\",\"val\":\"64\",\"w_val\":\"64\"},{\"dat\":\"00000000\",\"ex_dat\":\"0000\",\"flag\":\"0012\",\"id\":\"C5\",\"thd\":\"00\",\"val\":\"64\",\"w_val\":\"64\"},{\"dat\":\"00000000\",\"ex_dat\":\"0000\",\"flag\":\"0010\",\"id\":\"C6\",\"thd\":\"00\",\"val\":\"64\",\"w_val\":\"64\"}],\"capacity\":\"931\",\"cmd\":\"DISKINFO\",\"device_id\":\"2\",\"disk\":\"1\",\"disk_status\":\"0\",\"group\":\"1\",\"level\":\"4\",\"status\":\"0\",\"substatus\":\"0\"}',1,NULL),(37,0,2,'DISKINFO','START','1468911075',0,0,NULL,NULL,'{\"CMD_ID\":\"37\",\"cmd\":\"DISKINFO\",\"subcmd\":\"START\",\"level\":\"4\",\"group\":\"2\",\"disk\":\"1\",\"device_id\":\"2\"}','{\"CMD_ID\":\"37\",\"SN\":\"S4Z0ANYB\",\"SmartAttrs\":[{\"dat\":\"00000000\",\"ex_dat\":\"0000\",\"flag\":\"0033\",\"id\":\"05\",\"thd\":\"0A\",\"val\":\"64\",\"w_val\":\"64\"},{\"dat\":\"00000000\",\"ex_dat\":\"0000\",\"flag\":\"0012\",\"id\":\"C5\",\"thd\":\"00\",\"val\":\"64\",\"w_val\":\"64\"},{\"dat\":\"00000000\",\"ex_dat\":\"0000\",\"flag\":\"0010\",\"id\":\"C6\",\"thd\":\"00\",\"val\":\"64\",\"w_val\":\"64\"}],\"capacity\":\"1863\",\"cmd\":\"DISKINFO\",\"device_id\":\"2\",\"disk\":\"1\",\"disk_status\":\"0\",\"group\":\"2\",\"level\":\"4\",\"status\":\"0\",\"substatus\":\"0\"}',1,NULL),(38,0,2,'DISKINFO','START','1468911079',0,0,NULL,NULL,'{\"CMD_ID\":\"38\",\"cmd\":\"DISKINFO\",\"subcmd\":\"START\",\"level\":\"4\",\"group\":\"3\",\"disk\":\"1\",\"device_id\":\"2\"}','{\"CMD_ID\":\"38\",\"SN\":\"S4Y13HKL\",\"SmartAttrs\":[{\"dat\":\"00000000\",\"ex_dat\":\"0000\",\"flag\":\"0033\",\"id\":\"05\",\"thd\":\"0A\",\"val\":\"64\",\"w_val\":\"64\"},{\"dat\":\"00000000\",\"ex_dat\":\"0000\",\"flag\":\"0012\",\"id\":\"C5\",\"thd\":\"00\",\"val\":\"64\",\"w_val\":\"64\"},{\"dat\":\"00000000\",\"ex_dat\":\"0000\",\"flag\":\"0010\",\"id\":\"C6\",\"thd\":\"00\",\"val\":\"64\",\"w_val\":\"64\"}],\"capacity\":\"931\",\"cmd\":\"DISKINFO\",\"device_id\":\"2\",\"disk\":\"1\",\"disk_status\":\"0\",\"group\":\"3\",\"level\":\"4\",\"status\":\"0\",\"substatus\":\"0\"}',1,NULL),(39,0,2,'DISKINFO','START','1468911082',0,0,NULL,NULL,'{\"CMD_ID\":\"39\",\"cmd\":\"DISKINFO\",\"subcmd\":\"START\",\"level\":\"4\",\"group\":\"4\",\"disk\":\"1\",\"device_id\":\"2\"}','{\"CMD_ID\":\"39\",\"SN\":\"5SZ0QZW7\",\"SmartAttrs\":[{\"dat\":\"00000000\",\"ex_dat\":\"0300\",\"flag\":\"0033\",\"id\":\"05\",\"thd\":\"24\",\"val\":\"64\",\"w_val\":\"64\"},{\"dat\":\"00000000\",\"ex_dat\":\"0000\",\"flag\":\"0012\",\"id\":\"C5\",\"thd\":\"00\",\"val\":\"64\",\"w_val\":\"64\"},{\"dat\":\"00000000\",\"ex_dat\":\"0000\",\"flag\":\"0010\",\"id\":\"C6\",\"thd\":\"00\",\"val\":\"64\",\"w_val\":\"64\"}],\"capacity\":\"298\",\"cmd\":\"DISKINFO\",\"device_id\":\"2\",\"disk\":\"1\",\"disk_status\":\"0\",\"group\":\"4\",\"level\":\"4\",\"status\":\"0\",\"substatus\":\"0\"}',1,NULL),(40,0,2,'DISKINFO','START','1468911085',0,0,NULL,NULL,'{\"CMD_ID\":\"40\",\"cmd\":\"DISKINFO\",\"subcmd\":\"START\",\"level\":\"4\",\"group\":\"5\",\"disk\":\"1\",\"device_id\":\"2\"}','{\"CMD_ID\":\"40\",\"SN\":\"S4Z0AF39\",\"SmartAttrs\":[{\"dat\":\"00000000\",\"ex_dat\":\"0000\",\"flag\":\"0033\",\"id\":\"05\",\"thd\":\"0A\",\"val\":\"64\",\"w_val\":\"64\"},{\"dat\":\"00000000\",\"ex_dat\":\"0000\",\"flag\":\"0012\",\"id\":\"C5\",\"thd\":\"00\",\"val\":\"64\",\"w_val\":\"64\"},{\"dat\":\"00000000\",\"ex_dat\":\"0000\",\"flag\":\"0010\",\"id\":\"C6\",\"thd\":\"00\",\"val\":\"64\",\"w_val\":\"64\"}],\"capacity\":\"1863\",\"cmd\":\"DISKINFO\",\"device_id\":\"2\",\"disk\":\"1\",\"disk_status\":\"0\",\"group\":\"5\",\"level\":\"4\",\"status\":\"0\",\"substatus\":\"0\"}',1,NULL),(41,0,2,'DISKINFO','START','1468911089',0,0,NULL,NULL,'{\"CMD_ID\":\"41\",\"cmd\":\"DISKINFO\",\"subcmd\":\"START\",\"level\":\"4\",\"group\":\"6\",\"disk\":\"1\",\"device_id\":\"2\"}','{\"CMD_ID\":\"41\",\"SN\":\"S4Y12P1L\",\"SmartAttrs\":[{\"dat\":\"00000000\",\"ex_dat\":\"0000\",\"flag\":\"0033\",\"id\":\"05\",\"thd\":\"0A\",\"val\":\"64\",\"w_val\":\"64\"},{\"dat\":\"00000000\",\"ex_dat\":\"0000\",\"flag\":\"0012\",\"id\":\"C5\",\"thd\":\"00\",\"val\":\"64\",\"w_val\":\"64\"},{\"dat\":\"00000000\",\"ex_dat\":\"0000\",\"flag\":\"0010\",\"id\":\"C6\",\"thd\":\"00\",\"val\":\"64\",\"w_val\":\"64\"}],\"capacity\":\"931\",\"cmd\":\"DISKINFO\",\"device_id\":\"2\",\"disk\":\"1\",\"disk_status\":\"0\",\"group\":\"6\",\"level\":\"4\",\"status\":\"0\",\"substatus\":\"0\"}',1,NULL),(42,0,2,'DISKINFO','START','1468911095',0,0,NULL,NULL,'{\"CMD_ID\":\"42\",\"cmd\":\"DISKINFO\",\"subcmd\":\"START\",\"level\":\"5\",\"group\":\"1\",\"disk\":\"1\",\"device_id\":\"2\"}','{\"CMD_ID\":\"42\",\"SN\":\"S4Z0AFXB\",\"SmartAttrs\":[{\"dat\":\"00000000\",\"ex_dat\":\"0000\",\"flag\":\"0033\",\"id\":\"05\",\"thd\":\"0A\",\"val\":\"64\",\"w_val\":\"64\"},{\"dat\":\"00000000\",\"ex_dat\":\"0000\",\"flag\":\"0012\",\"id\":\"C5\",\"thd\":\"00\",\"val\":\"64\",\"w_val\":\"64\"},{\"dat\":\"00000000\",\"ex_dat\":\"0000\",\"flag\":\"0010\",\"id\":\"C6\",\"thd\":\"00\",\"val\":\"64\",\"w_val\":\"64\"}],\"capacity\":\"1863\",\"cmd\":\"DISKINFO\",\"device_id\":\"2\",\"disk\":\"1\",\"disk_status\":\"0\",\"group\":\"1\",\"level\":\"5\",\"status\":\"0\",\"substatus\":\"0\"}',1,NULL),(43,0,2,'DISKINFO','START','1468911098',0,0,NULL,NULL,'{\"CMD_ID\":\"43\",\"cmd\":\"DISKINFO\",\"subcmd\":\"START\",\"level\":\"5\",\"group\":\"4\",\"disk\":\"1\",\"device_id\":\"2\"}','{\"CMD_ID\":\"43\",\"SN\":\"S4Z05VHF\",\"SmartAttrs\":[{\"dat\":\"00000000\",\"ex_dat\":\"0000\",\"flag\":\"0033\",\"id\":\"05\",\"thd\":\"0A\",\"val\":\"64\",\"w_val\":\"64\"},{\"dat\":\"00000000\",\"ex_dat\":\"0000\",\"flag\":\"0012\",\"id\":\"C5\",\"thd\":\"00\",\"val\":\"64\",\"w_val\":\"64\"},{\"dat\":\"00000000\",\"ex_dat\":\"0000\",\"flag\":\"0010\",\"id\":\"C6\",\"thd\":\"00\",\"val\":\"64\",\"w_val\":\"64\"}],\"capacity\":\"1863\",\"cmd\":\"DISKINFO\",\"device_id\":\"2\",\"disk\":\"1\",\"disk_status\":\"0\",\"group\":\"4\",\"level\":\"5\",\"status\":\"0\",\"substatus\":\"0\"}',1,NULL),(44,0,2,'DISKINFO','START','1468911102',0,0,NULL,NULL,'{\"CMD_ID\":\"44\",\"cmd\":\"DISKINFO\",\"subcmd\":\"START\",\"level\":\"5\",\"group\":\"5\",\"disk\":\"1\",\"device_id\":\"2\"}','{\"CMD_ID\":\"44\",\"SN\":\"S4Z0AGQN\",\"SmartAttrs\":[{\"dat\":\"00000000\",\"ex_dat\":\"0000\",\"flag\":\"0033\",\"id\":\"05\",\"thd\":\"0A\",\"val\":\"64\",\"w_val\":\"64\"},{\"dat\":\"00000000\",\"ex_dat\":\"0000\",\"flag\":\"0012\",\"id\":\"C5\",\"thd\":\"00\",\"val\":\"64\",\"w_val\":\"64\"},{\"dat\":\"00000000\",\"ex_dat\":\"0000\",\"flag\":\"0010\",\"id\":\"C6\",\"thd\":\"00\",\"val\":\"64\",\"w_val\":\"64\"}],\"capacity\":\"1863\",\"cmd\":\"DISKINFO\",\"device_id\":\"2\",\"disk\":\"1\",\"disk_status\":\"0\",\"group\":\"5\",\"level\":\"5\",\"status\":\"0\",\"substatus\":\"0\"}',1,NULL),(45,0,2,'DISKINFO','START','1468911106',0,0,NULL,NULL,'{\"CMD_ID\":\"45\",\"cmd\":\"DISKINFO\",\"subcmd\":\"START\",\"level\":\"5\",\"group\":\"6\",\"disk\":\"1\",\"device_id\":\"2\"}','{\"CMD_ID\":\"45\",\"SN\":\"S4Z0AJEA\",\"SmartAttrs\":[{\"dat\":\"00000000\",\"ex_dat\":\"0000\",\"flag\":\"0033\",\"id\":\"05\",\"thd\":\"0A\",\"val\":\"64\",\"w_val\":\"64\"},{\"dat\":\"00000000\",\"ex_dat\":\"0000\",\"flag\":\"0012\",\"id\":\"C5\",\"thd\":\"00\",\"val\":\"64\",\"w_val\":\"64\"},{\"dat\":\"00000000\",\"ex_dat\":\"0000\",\"flag\":\"0010\",\"id\":\"C6\",\"thd\":\"00\",\"val\":\"64\",\"w_val\":\"64\"}],\"capacity\":\"1863\",\"cmd\":\"DISKINFO\",\"device_id\":\"2\",\"disk\":\"1\",\"disk_status\":\"0\",\"group\":\"6\",\"level\":\"5\",\"status\":\"0\",\"substatus\":\"0\"}',1,NULL),(46,0,2,'DISKINFO','START','1468911114',0,0,NULL,NULL,'{\"CMD_ID\":\"46\",\"cmd\":\"DISKINFO\",\"subcmd\":\"START\",\"level\":\"6\",\"group\":\"1\",\"disk\":\"1\",\"device_id\":\"2\"}','{\"CMD_ID\":\"46\",\"SN\":\"S4Z09A2J\",\"SmartAttrs\":[{\"dat\":\"00000000\",\"ex_dat\":\"0000\",\"flag\":\"0033\",\"id\":\"05\",\"thd\":\"0A\",\"val\":\"64\",\"w_val\":\"64\"},{\"dat\":\"00000000\",\"ex_dat\":\"0000\",\"flag\":\"0012\",\"id\":\"C5\",\"thd\":\"00\",\"val\":\"64\",\"w_val\":\"64\"},{\"dat\":\"00000000\",\"ex_dat\":\"0000\",\"flag\":\"0010\",\"id\":\"C6\",\"thd\":\"00\",\"val\":\"64\",\"w_val\":\"64\"}],\"capacity\":\"1863\",\"cmd\":\"DISKINFO\",\"device_id\":\"2\",\"disk\":\"1\",\"disk_status\":\"0\",\"group\":\"1\",\"level\":\"6\",\"status\":\"0\",\"substatus\":\"0\"}',1,NULL),(47,0,2,'MD5','START','1468911176',0,0,NULL,80.4,'{\"CMD_ID\":\"47\",\"cmd\":\"MD5\",\"subcmd\":\"START\",\"level\":\"4\",\"group\":\"1\",\"disk\":\"1\",\"device_id\":\"2\"}','{\"CMD_ID\":\"47\",\"cmd\":\"MD5\",\"device_id\":\"2\",\"disk\":\"1\",\"group\":\"1\",\"level\":\"4\",\"status\":\"0\",\"subcmd\":\"START\",\"substatus\":\"0\"}',0,'{\"temp\":\"38\"}'),(48,0,2,'MD5','START','1468911182',0,0,NULL,43.67,'{\"CMD_ID\":\"48\",\"cmd\":\"MD5\",\"subcmd\":\"START\",\"level\":\"4\",\"group\":\"2\",\"disk\":\"1\",\"device_id\":\"2\"}','{\"CMD_ID\":\"48\",\"cmd\":\"MD5\",\"device_id\":\"2\",\"disk\":\"1\",\"group\":\"2\",\"level\":\"4\",\"status\":\"0\",\"subcmd\":\"START\",\"substatus\":\"0\"}',0,'{\"temp\":\"39\"}'),(49,0,2,'MD5','START','1468911207',0,0,NULL,43.48,'{\"CMD_ID\":\"49\",\"cmd\":\"MD5\",\"subcmd\":\"START\",\"level\":\"4\",\"group\":\"5\",\"disk\":\"1\",\"device_id\":\"2\"}','{\"CMD_ID\":\"49\",\"cmd\":\"MD5\",\"device_id\":\"2\",\"disk\":\"1\",\"group\":\"5\",\"level\":\"4\",\"status\":\"0\",\"subcmd\":\"START\",\"substatus\":\"0\"}',0,'{\"temp\":\"39\"}'),(50,0,2,'MD5','START','1468911212',0,0,NULL,78.99,'{\"CMD_ID\":\"50\",\"cmd\":\"MD5\",\"subcmd\":\"START\",\"level\":\"4\",\"group\":\"3\",\"disk\":\"1\",\"device_id\":\"2\"}','{\"CMD_ID\":\"50\",\"cmd\":\"MD5\",\"device_id\":\"2\",\"disk\":\"1\",\"group\":\"3\",\"level\":\"4\",\"status\":\"0\",\"subcmd\":\"START\",\"substatus\":\"0\"}',0,'{\"temp\":\"37\"}'),(51,0,2,'MD5','START','1468911212',0,0,NULL,42.81,'{\"CMD_ID\":\"51\",\"cmd\":\"MD5\",\"subcmd\":\"START\",\"level\":\"5\",\"group\":\"4\",\"disk\":\"1\",\"device_id\":\"2\"}','{\"CMD_ID\":\"51\",\"cmd\":\"MD5\",\"device_id\":\"2\",\"disk\":\"1\",\"group\":\"4\",\"level\":\"5\",\"status\":\"0\",\"subcmd\":\"START\",\"substatus\":\"0\"}',0,'{\"temp\":\"40\"}'),(52,0,2,'MD5','START','1468911216',0,0,NULL,43.14,'{\"CMD_ID\":\"52\",\"cmd\":\"MD5\",\"subcmd\":\"START\",\"level\":\"5\",\"group\":\"6\",\"disk\":\"1\",\"device_id\":\"2\"}','{\"CMD_ID\":\"52\",\"cmd\":\"MD5\",\"device_id\":\"2\",\"disk\":\"1\",\"group\":\"6\",\"level\":\"5\",\"status\":\"0\",\"subcmd\":\"START\",\"substatus\":\"0\"}',0,'{\"temp\":\"42\"}'),(53,0,2,'MD5','START','1468911226',0,0,NULL,44.4,'{\"CMD_ID\":\"53\",\"cmd\":\"MD5\",\"subcmd\":\"START\",\"level\":\"6\",\"group\":\"1\",\"disk\":\"1\",\"device_id\":\"2\"}','{\"CMD_ID\":\"53\",\"cmd\":\"MD5\",\"device_id\":\"2\",\"disk\":\"1\",\"group\":\"1\",\"level\":\"6\",\"status\":\"0\",\"subcmd\":\"START\",\"substatus\":\"0\"}',0,'{\"temp\":\"38\"}'),(54,0,2,'MD5','START','1468911306',0,0,'STOP',100,'{\"CMD_ID\":\"54\",\"cmd\":\"MD5\",\"subcmd\":\"START\",\"level\":\"4\",\"group\":\"4\",\"disk\":\"1\",\"device_id\":\"2\"}','{\"CMD_ID\":\"54\",\"cmd\":\"MD5\",\"device_id\":\"2\",\"disk\":\"1\",\"group\":\"4\",\"level\":\"4\",\"status\":\"0\",\"subcmd\":\"START\",\"substatus\":\"0\"}',1,'{\"temp\":\"41\"}'),(55,0,2,'MD5','START','1468911352',0,0,NULL,82.4,'{\"CMD_ID\":\"55\",\"cmd\":\"MD5\",\"subcmd\":\"START\",\"level\":\"4\",\"group\":\"6\",\"disk\":\"1\",\"device_id\":\"2\"}','{\"CMD_ID\":\"55\",\"cmd\":\"MD5\",\"device_id\":\"2\",\"disk\":\"1\",\"group\":\"6\",\"level\":\"4\",\"status\":\"0\",\"subcmd\":\"START\",\"substatus\":\"0\"}',0,'{\"temp\":\"37\"}'),(56,0,2,'MD5','START','1468911367',0,0,NULL,44.35,'{\"CMD_ID\":\"56\",\"cmd\":\"MD5\",\"subcmd\":\"START\",\"level\":\"5\",\"group\":\"5\",\"disk\":\"1\",\"device_id\":\"2\"}','{\"CMD_ID\":\"56\",\"cmd\":\"MD5\",\"device_id\":\"2\",\"disk\":\"1\",\"group\":\"5\",\"level\":\"5\",\"status\":\"0\",\"subcmd\":\"START\",\"substatus\":\"0\"}',0,'{\"temp\":\"43\"}'),(57,0,2,'MD5','START','1468911377',0,0,NULL,19.9,'{\"CMD_ID\":\"57\",\"cmd\":\"MD5\",\"subcmd\":\"START\",\"level\":\"5\",\"group\":\"1\",\"disk\":\"1\",\"device_id\":\"2\"}','{\"CMD_ID\":\"57\",\"cmd\":\"MD5\",\"device_id\":\"2\",\"disk\":\"1\",\"group\":\"1\",\"level\":\"5\",\"status\":\"0\",\"subcmd\":\"START\",\"substatus\":\"0\"}',0,'{\"temp\":\"35\"}'),(58,0,2,'DISKINFO','START','1468911396',0,0,NULL,NULL,'{\"CMD_ID\":\"58\",\"cmd\":\"DISKINFO\",\"subcmd\":\"START\",\"level\":\"1\",\"group\":\"1\",\"disk\":\"1\",\"device_id\":\"1\"}','{\"CMD_ID\":\"58\",\"SN\":\"S4Z0AC4H\",\"SmartAttrs\":[{\"dat\":\"00000000\",\"ex_dat\":\"0000\",\"flag\":\"0033\",\"id\":\"05\",\"thd\":\"0A\",\"val\":\"64\",\"w_val\":\"64\"},{\"dat\":\"00000000\",\"ex_dat\":\"0000\",\"flag\":\"0012\",\"id\":\"C5\",\"thd\":\"00\",\"val\":\"64\",\"w_val\":\"64\"},{\"dat\":\"00000000\",\"ex_dat\":\"0000\",\"flag\":\"0010\",\"id\":\"C6\",\"thd\":\"00\",\"val\":\"64\",\"w_val\":\"64\"}],\"capacity\":\"1863\",\"cmd\":\"DISKINFO\",\"device_id\":\"1\",\"disk\":\"1\",\"disk_status\":\"0\",\"group\":\"1\",\"level\":\"1\",\"status\":\"0\",\"substatus\":\"0\"}',1,NULL),(59,0,2,'DISKINFO','START','1468911399',0,0,NULL,NULL,'{\"CMD_ID\":\"59\",\"cmd\":\"DISKINFO\",\"subcmd\":\"START\",\"level\":\"1\",\"group\":\"2\",\"disk\":\"1\",\"device_id\":\"1\"}','{\"CMD_ID\":\"59\",\"SN\":\"S4Z0B87X\",\"SmartAttrs\":[{\"dat\":\"00000000\",\"ex_dat\":\"0000\",\"flag\":\"0033\",\"id\":\"05\",\"thd\":\"0A\",\"val\":\"64\",\"w_val\":\"64\"},{\"dat\":\"00000000\",\"ex_dat\":\"0000\",\"flag\":\"0012\",\"id\":\"C5\",\"thd\":\"00\",\"val\":\"64\",\"w_val\":\"64\"},{\"dat\":\"00000000\",\"ex_dat\":\"0000\",\"flag\":\"0010\",\"id\":\"C6\",\"thd\":\"00\",\"val\":\"64\",\"w_val\":\"64\"}],\"capacity\":\"1863\",\"cmd\":\"DISKINFO\",\"device_id\":\"1\",\"disk\":\"1\",\"disk_status\":\"0\",\"group\":\"2\",\"level\":\"1\",\"status\":\"0\",\"substatus\":\"0\"}',1,NULL),(60,0,2,'DISKINFO','START','1468911403',0,0,NULL,NULL,'{\"CMD_ID\":\"60\",\"cmd\":\"DISKINFO\",\"subcmd\":\"START\",\"level\":\"1\",\"group\":\"3\",\"disk\":\"1\",\"device_id\":\"1\"}','{\"CMD_ID\":\"60\",\"SN\":\"S4Z0B877\",\"SmartAttrs\":[{\"dat\":\"00000000\",\"ex_dat\":\"0000\",\"flag\":\"0033\",\"id\":\"05\",\"thd\":\"0A\",\"val\":\"64\",\"w_val\":\"64\"},{\"dat\":\"00000000\",\"ex_dat\":\"0000\",\"flag\":\"0012\",\"id\":\"C5\",\"thd\":\"00\",\"val\":\"64\",\"w_val\":\"64\"},{\"dat\":\"00000000\",\"ex_dat\":\"0000\",\"flag\":\"0010\",\"id\":\"C6\",\"thd\":\"00\",\"val\":\"64\",\"w_val\":\"64\"}],\"capacity\":\"1863\",\"cmd\":\"DISKINFO\",\"device_id\":\"1\",\"disk\":\"1\",\"disk_status\":\"0\",\"group\":\"3\",\"level\":\"1\",\"status\":\"0\",\"substatus\":\"0\"}',1,NULL),(61,0,2,'DISKINFO','START','1468911406',0,0,NULL,NULL,'{\"CMD_ID\":\"61\",\"cmd\":\"DISKINFO\",\"subcmd\":\"START\",\"level\":\"1\",\"group\":\"4\",\"disk\":\"1\",\"device_id\":\"1\"}','{\"CMD_ID\":\"61\",\"SN\":\"9SZ38ES0\",\"SmartAttrs\":[{\"dat\":\"00000000\",\"ex_dat\":\"0400\",\"flag\":\"0033\",\"id\":\"05\",\"thd\":\"24\",\"val\":\"64\",\"w_val\":\"64\"},{\"dat\":\"00000000\",\"ex_dat\":\"0000\",\"flag\":\"0012\",\"id\":\"C5\",\"thd\":\"00\",\"val\":\"64\",\"w_val\":\"64\"},{\"dat\":\"00000000\",\"ex_dat\":\"0000\",\"flag\":\"0010\",\"id\":\"C6\",\"thd\":\"00\",\"val\":\"64\",\"w_val\":\"64\"}],\"capacity\":\"298\",\"cmd\":\"DISKINFO\",\"device_id\":\"1\",\"disk\":\"1\",\"disk_status\":\"0\",\"group\":\"4\",\"level\":\"1\",\"status\":\"0\",\"substatus\":\"0\"}',1,NULL),(62,0,2,'DISKINFO','START','1468911410',0,0,NULL,NULL,'{\"CMD_ID\":\"62\",\"cmd\":\"DISKINFO\",\"subcmd\":\"START\",\"level\":\"1\",\"group\":\"5\",\"disk\":\"1\",\"device_id\":\"1\"}','{\"CMD_ID\":\"62\",\"SN\":\"S4Z0AGE3\",\"SmartAttrs\":[{\"dat\":\"00000000\",\"ex_dat\":\"0000\",\"flag\":\"0033\",\"id\":\"05\",\"thd\":\"0A\",\"val\":\"64\",\"w_val\":\"64\"},{\"dat\":\"00000000\",\"ex_dat\":\"0000\",\"flag\":\"0012\",\"id\":\"C5\",\"thd\":\"00\",\"val\":\"64\",\"w_val\":\"64\"},{\"dat\":\"00000000\",\"ex_dat\":\"0000\",\"flag\":\"0010\",\"id\":\"C6\",\"thd\":\"00\",\"val\":\"64\",\"w_val\":\"64\"}],\"capacity\":\"1863\",\"cmd\":\"DISKINFO\",\"device_id\":\"1\",\"disk\":\"1\",\"disk_status\":\"0\",\"group\":\"5\",\"level\":\"1\",\"status\":\"0\",\"substatus\":\"0\"}',1,NULL),(63,0,2,'DISKINFO','START','1468911414',0,0,NULL,NULL,'{\"CMD_ID\":\"63\",\"cmd\":\"DISKINFO\",\"subcmd\":\"START\",\"level\":\"1\",\"group\":\"6\",\"disk\":\"1\",\"device_id\":\"1\"}','{\"CMD_ID\":\"63\",\"SN\":\"S4Z0AF1K\",\"SmartAttrs\":[{\"dat\":\"00000000\",\"ex_dat\":\"0000\",\"flag\":\"0033\",\"id\":\"05\",\"thd\":\"0A\",\"val\":\"64\",\"w_val\":\"64\"},{\"dat\":\"00000000\",\"ex_dat\":\"0000\",\"flag\":\"0012\",\"id\":\"C5\",\"thd\":\"00\",\"val\":\"64\",\"w_val\":\"64\"},{\"dat\":\"00000000\",\"ex_dat\":\"0000\",\"flag\":\"0010\",\"id\":\"C6\",\"thd\":\"00\",\"val\":\"64\",\"w_val\":\"64\"}],\"capacity\":\"1863\",\"cmd\":\"DISKINFO\",\"device_id\":\"1\",\"disk\":\"1\",\"disk_status\":\"0\",\"group\":\"6\",\"level\":\"1\",\"status\":\"0\",\"substatus\":\"0\"}',1,NULL),(64,0,2,'DISKINFO','START','1468911424',0,0,NULL,NULL,'{\"CMD_ID\":\"64\",\"cmd\":\"DISKINFO\",\"subcmd\":\"START\",\"level\":\"2\",\"group\":\"1\",\"disk\":\"1\",\"device_id\":\"1\"}','{\"CMD_ID\":\"64\",\"SN\":\"S4Z0B8ML\",\"SmartAttrs\":[{\"dat\":\"00000000\",\"ex_dat\":\"0000\",\"flag\":\"0033\",\"id\":\"05\",\"thd\":\"0A\",\"val\":\"64\",\"w_val\":\"64\"},{\"dat\":\"00000000\",\"ex_dat\":\"0000\",\"flag\":\"0012\",\"id\":\"C5\",\"thd\":\"00\",\"val\":\"64\",\"w_val\":\"64\"},{\"dat\":\"00000000\",\"ex_dat\":\"0000\",\"flag\":\"0010\",\"id\":\"C6\",\"thd\":\"00\",\"val\":\"64\",\"w_val\":\"64\"}],\"capacity\":\"1863\",\"cmd\":\"DISKINFO\",\"device_id\":\"1\",\"disk\":\"1\",\"disk_status\":\"0\",\"group\":\"1\",\"level\":\"2\",\"status\":\"0\",\"substatus\":\"0\"}',1,NULL),(65,0,2,'DISKINFO','START','1468911428',0,0,NULL,NULL,'{\"CMD_ID\":\"65\",\"cmd\":\"DISKINFO\",\"subcmd\":\"START\",\"level\":\"2\",\"group\":\"2\",\"disk\":\"1\",\"device_id\":\"1\"}','{\"CMD_ID\":\"65\",\"SN\":\"S4Z0AH22\",\"SmartAttrs\":[{\"dat\":\"00000000\",\"ex_dat\":\"0000\",\"flag\":\"0033\",\"id\":\"05\",\"thd\":\"0A\",\"val\":\"64\",\"w_val\":\"64\"},{\"dat\":\"00000000\",\"ex_dat\":\"0000\",\"flag\":\"0012\",\"id\":\"C5\",\"thd\":\"00\",\"val\":\"64\",\"w_val\":\"64\"},{\"dat\":\"00000000\",\"ex_dat\":\"0000\",\"flag\":\"0010\",\"id\":\"C6\",\"thd\":\"00\",\"val\":\"64\",\"w_val\":\"64\"}],\"capacity\":\"1863\",\"cmd\":\"DISKINFO\",\"device_id\":\"1\",\"disk\":\"1\",\"disk_status\":\"0\",\"group\":\"2\",\"level\":\"2\",\"status\":\"0\",\"substatus\":\"0\"}',1,NULL),(66,0,2,'DISKINFO','START','1468911432',0,0,NULL,NULL,'{\"CMD_ID\":\"66\",\"cmd\":\"DISKINFO\",\"subcmd\":\"START\",\"level\":\"2\",\"group\":\"3\",\"disk\":\"1\",\"device_id\":\"1\"}','{\"CMD_ID\":\"66\",\"SN\":\"S4Z0ANA5\",\"SmartAttrs\":[{\"dat\":\"00000000\",\"ex_dat\":\"0000\",\"flag\":\"0033\",\"id\":\"05\",\"thd\":\"0A\",\"val\":\"64\",\"w_val\":\"64\"},{\"dat\":\"00000000\",\"ex_dat\":\"0000\",\"flag\":\"0012\",\"id\":\"C5\",\"thd\":\"00\",\"val\":\"64\",\"w_val\":\"64\"},{\"dat\":\"00000000\",\"ex_dat\":\"0000\",\"flag\":\"0010\",\"id\":\"C6\",\"thd\":\"00\",\"val\":\"64\",\"w_val\":\"64\"}],\"capacity\":\"1863\",\"cmd\":\"DISKINFO\",\"device_id\":\"1\",\"disk\":\"1\",\"disk_status\":\"0\",\"group\":\"3\",\"level\":\"2\",\"status\":\"0\",\"substatus\":\"0\"}',1,NULL),(67,0,2,'DISKINFO','START','1468911436',0,0,NULL,NULL,'{\"CMD_ID\":\"67\",\"cmd\":\"DISKINFO\",\"subcmd\":\"START\",\"level\":\"2\",\"group\":\"4\",\"disk\":\"1\",\"device_id\":\"1\"}','{\"CMD_ID\":\"67\",\"SN\":\"S4Z0B8JB\",\"SmartAttrs\":[{\"dat\":\"00000000\",\"ex_dat\":\"0000\",\"flag\":\"0033\",\"id\":\"05\",\"thd\":\"0A\",\"val\":\"64\",\"w_val\":\"64\"},{\"dat\":\"00000000\",\"ex_dat\":\"0000\",\"flag\":\"0012\",\"id\":\"C5\",\"thd\":\"00\",\"val\":\"64\",\"w_val\":\"64\"},{\"dat\":\"00000000\",\"ex_dat\":\"0000\",\"flag\":\"0010\",\"id\":\"C6\",\"thd\":\"00\",\"val\":\"64\",\"w_val\":\"64\"}],\"capacity\":\"1863\",\"cmd\":\"DISKINFO\",\"device_id\":\"1\",\"disk\":\"1\",\"disk_status\":\"0\",\"group\":\"4\",\"level\":\"2\",\"status\":\"0\",\"substatus\":\"0\"}',1,NULL),(68,0,2,'DISKINFO','START','1468911440',0,0,NULL,NULL,'{\"CMD_ID\":\"68\",\"cmd\":\"DISKINFO\",\"subcmd\":\"START\",\"level\":\"2\",\"group\":\"5\",\"disk\":\"1\",\"device_id\":\"1\"}','{\"CMD_ID\":\"68\",\"SN\":\"Z4Y24G40\",\"SmartAttrs\":[{\"dat\":\"00000000\",\"ex_dat\":\"0000\",\"flag\":\"0033\",\"id\":\"05\",\"thd\":\"0A\",\"val\":\"64\",\"w_val\":\"64\"},{\"dat\":\"00000000\",\"ex_dat\":\"0000\",\"flag\":\"0012\",\"id\":\"C5\",\"thd\":\"00\",\"val\":\"64\",\"w_val\":\"64\"},{\"dat\":\"00000000\",\"ex_dat\":\"0000\",\"flag\":\"0010\",\"id\":\"C6\",\"thd\":\"00\",\"val\":\"64\",\"w_val\":\"64\"}],\"capacity\":\"931\",\"cmd\":\"DISKINFO\",\"device_id\":\"1\",\"disk\":\"1\",\"disk_status\":\"0\",\"group\":\"5\",\"level\":\"2\",\"status\":\"0\",\"substatus\":\"0\"}',1,NULL),(69,0,2,'DISKINFO','START','1468911444',0,0,NULL,NULL,'{\"CMD_ID\":\"69\",\"cmd\":\"DISKINFO\",\"subcmd\":\"START\",\"level\":\"2\",\"group\":\"6\",\"disk\":\"1\",\"device_id\":\"1\"}','{\"CMD_ID\":\"69\",\"SN\":\"6SZ2102Q\",\"SmartAttrs\":[{\"dat\":\"00000000\",\"ex_dat\":\"0000\",\"flag\":\"0033\",\"id\":\"05\",\"thd\":\"24\",\"val\":\"64\",\"w_val\":\"64\"},{\"dat\":\"00000000\",\"ex_dat\":\"0000\",\"flag\":\"0012\",\"id\":\"C5\",\"thd\":\"00\",\"val\":\"64\",\"w_val\":\"64\"},{\"dat\":\"00000000\",\"ex_dat\":\"0000\",\"flag\":\"0010\",\"id\":\"C6\",\"thd\":\"00\",\"val\":\"64\",\"w_val\":\"64\"}],\"capacity\":\"298\",\"cmd\":\"DISKINFO\",\"device_id\":\"1\",\"disk\":\"1\",\"disk_status\":\"0\",\"group\":\"6\",\"level\":\"2\",\"status\":\"0\",\"substatus\":\"0\"}',1,NULL),(70,0,2,'DISKINFO','START','1468911450',-3,0,NULL,NULL,'{\"CMD_ID\":\"70\",\"cmd\":\"DISKINFO\",\"subcmd\":\"START\",\"level\":\"3\",\"group\":\"1\",\"disk\":\"1\",\"device_id\":\"1\"}','{\"CMD_ID\":\"70\",\"SN\":\"S4Z05VYE\",\"SmartAttrs\":[{\"dat\":\"00000000\",\"ex_dat\":\"0000\",\"flag\":\"0033\",\"id\":\"05\",\"thd\":\"0A\",\"val\":\"64\",\"w_val\":\"64\"},{\"dat\":\"00000000\",\"ex_dat\":\"0000\",\"flag\":\"0012\",\"id\":\"C5\",\"thd\":\"00\",\"val\":\"64\",\"w_val\":\"64\"},{\"dat\":\"00000000\",\"ex_dat\":\"0000\",\"flag\":\"0010\",\"id\":\"C6\",\"thd\":\"00\",\"val\":\"64\",\"w_val\":\"64\"}],\"capacity\":\"1863\",\"cmd\":\"DISKINFO\",\"device_id\":\"1\",\"disk\":\"1\",\"disk_status\":\"0\",\"group\":\"1\",\"level\":\"3\",\"status\":\"0\",\"substatus\":\"0\"}',1,NULL),(71,0,2,'DISKINFO','START','1468911454',0,0,NULL,NULL,'{\"CMD_ID\":\"71\",\"cmd\":\"DISKINFO\",\"subcmd\":\"START\",\"level\":\"3\",\"group\":\"2\",\"disk\":\"1\",\"device_id\":\"1\"}','{\"CMD_ID\":\"71\",\"SN\":\"S4Z0AGGS\",\"SmartAttrs\":[{\"dat\":\"00000000\",\"ex_dat\":\"0000\",\"flag\":\"0033\",\"id\":\"05\",\"thd\":\"0A\",\"val\":\"64\",\"w_val\":\"64\"},{\"dat\":\"00000000\",\"ex_dat\":\"0000\",\"flag\":\"0012\",\"id\":\"C5\",\"thd\":\"00\",\"val\":\"64\",\"w_val\":\"64\"},{\"dat\":\"00000000\",\"ex_dat\":\"0000\",\"flag\":\"0010\",\"id\":\"C6\",\"thd\":\"00\",\"val\":\"64\",\"w_val\":\"64\"}],\"capacity\":\"1863\",\"cmd\":\"DISKINFO\",\"device_id\":\"1\",\"disk\":\"1\",\"disk_status\":\"0\",\"group\":\"2\",\"level\":\"3\",\"status\":\"0\",\"substatus\":\"0\"}',1,NULL),(72,0,2,'DISKINFO','START','1468911458',0,0,NULL,NULL,'{\"CMD_ID\":\"72\",\"cmd\":\"DISKINFO\",\"subcmd\":\"START\",\"level\":\"3\",\"group\":\"3\",\"disk\":\"1\",\"device_id\":\"1\"}','{\"CMD_ID\":\"72\",\"SN\":\"S4Y15BZJ\",\"SmartAttrs\":[{\"dat\":\"00000000\",\"ex_dat\":\"0000\",\"flag\":\"0033\",\"id\":\"05\",\"thd\":\"0A\",\"val\":\"64\",\"w_val\":\"64\"},{\"dat\":\"00000000\",\"ex_dat\":\"0000\",\"flag\":\"0012\",\"id\":\"C5\",\"thd\":\"00\",\"val\":\"64\",\"w_val\":\"64\"},{\"dat\":\"00000000\",\"ex_dat\":\"0000\",\"flag\":\"0010\",\"id\":\"C6\",\"thd\":\"00\",\"val\":\"64\",\"w_val\":\"64\"}],\"capacity\":\"931\",\"cmd\":\"DISKINFO\",\"device_id\":\"1\",\"disk\":\"1\",\"disk_status\":\"0\",\"group\":\"3\",\"level\":\"3\",\"status\":\"0\",\"substatus\":\"0\"}',1,NULL),(73,0,2,'DISKINFO','START','1468911462',0,0,NULL,NULL,'{\"CMD_ID\":\"73\",\"cmd\":\"DISKINFO\",\"subcmd\":\"START\",\"level\":\"3\",\"group\":\"4\",\"disk\":\"1\",\"device_id\":\"1\"}','{\"CMD_ID\":\"73\",\"SN\":\"W4Z09412\",\"SmartAttrs\":[{\"dat\":\"00000000\",\"ex_dat\":\"0000\",\"flag\":\"0033\",\"id\":\"05\",\"thd\":\"0A\",\"val\":\"64\",\"w_val\":\"64\"},{\"dat\":\"00000000\",\"ex_dat\":\"0000\",\"flag\":\"0012\",\"id\":\"C5\",\"thd\":\"00\",\"val\":\"64\",\"w_val\":\"64\"},{\"dat\":\"00000000\",\"ex_dat\":\"0000\",\"flag\":\"0010\",\"id\":\"C6\",\"thd\":\"00\",\"val\":\"64\",\"w_val\":\"64\"}],\"capacity\":\"1863\",\"cmd\":\"DISKINFO\",\"device_id\":\"1\",\"disk\":\"1\",\"disk_status\":\"0\",\"group\":\"4\",\"level\":\"3\",\"status\":\"0\",\"substatus\":\"0\"}',1,NULL),(74,0,2,'DISKINFO','START','1468911466',0,0,NULL,NULL,'{\"CMD_ID\":\"74\",\"cmd\":\"DISKINFO\",\"subcmd\":\"START\",\"level\":\"3\",\"group\":\"5\",\"disk\":\"1\",\"device_id\":\"1\"}','{\"CMD_ID\":\"74\",\"SN\":\"Z4Y24CSE\",\"SmartAttrs\":[{\"dat\":\"00000000\",\"ex_dat\":\"0000\",\"flag\":\"0033\",\"id\":\"05\",\"thd\":\"0A\",\"val\":\"64\",\"w_val\":\"64\"},{\"dat\":\"00000000\",\"ex_dat\":\"0000\",\"flag\":\"0012\",\"id\":\"C5\",\"thd\":\"00\",\"val\":\"64\",\"w_val\":\"64\"},{\"dat\":\"00000000\",\"ex_dat\":\"0000\",\"flag\":\"0010\",\"id\":\"C6\",\"thd\":\"00\",\"val\":\"64\",\"w_val\":\"64\"}],\"capacity\":\"931\",\"cmd\":\"DISKINFO\",\"device_id\":\"1\",\"disk\":\"1\",\"disk_status\":\"0\",\"group\":\"5\",\"level\":\"3\",\"status\":\"0\",\"substatus\":\"0\"}',1,NULL),(75,0,2,'DISKINFO','START','1468911470',-3,0,NULL,NULL,'{\"CMD_ID\":\"75\",\"cmd\":\"DISKINFO\",\"subcmd\":\"START\",\"level\":\"3\",\"group\":\"6\",\"disk\":\"1\",\"device_id\":\"1\"}','{\"CMD_ID\":\"75\",\"SN\":\"Z4Y24B2G\",\"SmartAttrs\":[{\"dat\":\"00000000\",\"ex_dat\":\"0000\",\"flag\":\"0033\",\"id\":\"05\",\"thd\":\"0A\",\"val\":\"64\",\"w_val\":\"64\"},{\"dat\":\"00000000\",\"ex_dat\":\"0000\",\"flag\":\"0012\",\"id\":\"C5\",\"thd\":\"00\",\"val\":\"64\",\"w_val\":\"64\"},{\"dat\":\"00000000\",\"ex_dat\":\"0000\",\"flag\":\"0010\",\"id\":\"C6\",\"thd\":\"00\",\"val\":\"64\",\"w_val\":\"64\"}],\"capacity\":\"931\",\"cmd\":\"DISKINFO\",\"device_id\":\"1\",\"disk\":\"1\",\"disk_status\":\"0\",\"group\":\"6\",\"level\":\"3\",\"status\":\"0\",\"substatus\":\"0\"}',1,NULL),(76,0,2,'MD5','START','1468911497',0,0,NULL,39.97,'{\"CMD_ID\":\"76\",\"cmd\":\"MD5\",\"subcmd\":\"START\",\"level\":\"1\",\"group\":\"1\",\"disk\":\"1\",\"device_id\":\"1\"}','{\"CMD_ID\":\"76\",\"cmd\":\"MD5\",\"device_id\":\"1\",\"disk\":\"1\",\"group\":\"1\",\"level\":\"1\",\"status\":\"0\",\"subcmd\":\"START\",\"substatus\":\"0\"}',0,'{\"temp\":\"42\"}'),(77,0,2,'MD5','START','1468911511',0,0,NULL,41.47,'{\"CMD_ID\":\"77\",\"cmd\":\"MD5\",\"subcmd\":\"START\",\"level\":\"1\",\"group\":\"6\",\"disk\":\"1\",\"device_id\":\"1\"}','{\"CMD_ID\":\"77\",\"cmd\":\"MD5\",\"device_id\":\"1\",\"disk\":\"1\",\"group\":\"6\",\"level\":\"1\",\"status\":\"0\",\"subcmd\":\"START\",\"substatus\":\"0\"}',0,'{\"temp\":\"43\"}'),(78,0,2,'MD5','START','1468911526',0,0,NULL,40.13,'{\"CMD_ID\":\"78\",\"cmd\":\"MD5\",\"subcmd\":\"START\",\"level\":\"1\",\"group\":\"2\",\"disk\":\"1\",\"device_id\":\"1\"}','{\"CMD_ID\":\"78\",\"cmd\":\"MD5\",\"device_id\":\"1\",\"disk\":\"1\",\"group\":\"2\",\"level\":\"1\",\"status\":\"0\",\"subcmd\":\"START\",\"substatus\":\"0\"}',0,'{\"temp\":\"45\"}'),(79,0,2,'MD5','START','1468911536',0,0,'STOP',100,'{\"CMD_ID\":\"79\",\"cmd\":\"MD5\",\"subcmd\":\"START\",\"level\":\"2\",\"group\":\"6\",\"disk\":\"1\",\"device_id\":\"1\"}','{\"CMD_ID\":\"79\",\"cmd\":\"MD5\",\"device_id\":\"1\",\"disk\":\"1\",\"group\":\"6\",\"level\":\"2\",\"status\":\"0\",\"subcmd\":\"START\",\"substatus\":\"0\"}',1,'{\"temp\":\"44\"}'),(80,0,2,'MD5','START','1468911557',0,0,NULL,41.86,'{\"CMD_ID\":\"80\",\"cmd\":\"MD5\",\"subcmd\":\"START\",\"level\":\"1\",\"group\":\"3\",\"disk\":\"1\",\"device_id\":\"1\"}','{\"CMD_ID\":\"80\",\"cmd\":\"MD5\",\"device_id\":\"1\",\"disk\":\"1\",\"group\":\"3\",\"level\":\"1\",\"status\":\"0\",\"subcmd\":\"START\",\"substatus\":\"0\"}',0,'{\"temp\":\"44\"}'),(81,0,2,'MD5','START','1468911572',0,0,NULL,44.17,'{\"CMD_ID\":\"81\",\"cmd\":\"MD5\",\"subcmd\":\"START\",\"level\":\"3\",\"group\":\"4\",\"disk\":\"1\",\"device_id\":\"1\"}','{\"CMD_ID\":\"81\",\"cmd\":\"MD5\",\"device_id\":\"1\",\"disk\":\"1\",\"group\":\"4\",\"level\":\"3\",\"status\":\"0\",\"subcmd\":\"START\",\"substatus\":\"0\"}',0,'{\"temp\":\"44\"}'),(82,0,2,'MD5','START','1468911587',0,0,NULL,40.65,'{\"CMD_ID\":\"82\",\"cmd\":\"MD5\",\"subcmd\":\"START\",\"level\":\"2\",\"group\":\"2\",\"disk\":\"1\",\"device_id\":\"1\"}','{\"CMD_ID\":\"82\",\"cmd\":\"MD5\",\"device_id\":\"1\",\"disk\":\"1\",\"group\":\"2\",\"level\":\"2\",\"status\":\"0\",\"subcmd\":\"START\",\"substatus\":\"0\"}',0,'{\"temp\":\"46\"}'),(83,0,2,'MD5','START','1468911587',0,0,NULL,77.09,'{\"CMD_ID\":\"83\",\"cmd\":\"MD5\",\"subcmd\":\"START\",\"level\":\"3\",\"group\":\"5\",\"disk\":\"1\",\"device_id\":\"1\"}','{\"CMD_ID\":\"83\",\"cmd\":\"MD5\",\"device_id\":\"1\",\"disk\":\"1\",\"group\":\"5\",\"level\":\"3\",\"status\":\"0\",\"subcmd\":\"START\",\"substatus\":\"0\"}',0,'{\"temp\":\"42\"}'),(84,0,2,'MD5','START','1468911587',0,0,NULL,41.02,'{\"CMD_ID\":\"84\",\"cmd\":\"MD5\",\"subcmd\":\"START\",\"level\":\"2\",\"group\":\"4\",\"disk\":\"1\",\"device_id\":\"1\"}','{\"CMD_ID\":\"84\",\"cmd\":\"MD5\",\"device_id\":\"1\",\"disk\":\"1\",\"group\":\"4\",\"level\":\"2\",\"status\":\"0\",\"subcmd\":\"START\",\"substatus\":\"0\"}',0,'{\"temp\":\"45\"}'),(85,0,2,'MD5','START','1468911592',0,0,NULL,40.25,'{\"CMD_ID\":\"85\",\"cmd\":\"MD5\",\"subcmd\":\"START\",\"level\":\"3\",\"group\":\"2\",\"disk\":\"1\",\"device_id\":\"1\"}','{\"CMD_ID\":\"85\",\"cmd\":\"MD5\",\"device_id\":\"1\",\"disk\":\"1\",\"group\":\"2\",\"level\":\"3\",\"status\":\"0\",\"subcmd\":\"START\",\"substatus\":\"0\"}',0,'{\"temp\":\"44\"}'),(86,0,2,'DISKINFO','START','1468911651',0,0,NULL,NULL,'{\"CMD_ID\":\"86\",\"cmd\":\"DISKINFO\",\"subcmd\":\"START\",\"level\":\"4\",\"group\":\"1\",\"disk\":\"1\",\"device_id\":\"1\"}','{\"CMD_ID\":\"86\",\"SN\":\"S4Z08XXE\",\"SmartAttrs\":[{\"dat\":\"00000000\",\"ex_dat\":\"0000\",\"flag\":\"0033\",\"id\":\"05\",\"thd\":\"0A\",\"val\":\"64\",\"w_val\":\"64\"},{\"dat\":\"00000000\",\"ex_dat\":\"0000\",\"flag\":\"0012\",\"id\":\"C5\",\"thd\":\"00\",\"val\":\"64\",\"w_val\":\"64\"},{\"dat\":\"00000000\",\"ex_dat\":\"0000\",\"flag\":\"0010\",\"id\":\"C6\",\"thd\":\"00\",\"val\":\"64\",\"w_val\":\"64\"}],\"capacity\":\"1863\",\"cmd\":\"DISKINFO\",\"device_id\":\"1\",\"disk\":\"1\",\"disk_status\":\"0\",\"group\":\"1\",\"level\":\"4\",\"status\":\"0\",\"substatus\":\"0\"}',1,NULL),(87,0,2,'DISKINFO','START','1468911655',0,0,NULL,NULL,'{\"CMD_ID\":\"87\",\"cmd\":\"DISKINFO\",\"subcmd\":\"START\",\"level\":\"4\",\"group\":\"2\",\"disk\":\"1\",\"device_id\":\"1\"}','{\"CMD_ID\":\"87\",\"SN\":\"W1D1BRX0\",\"SmartAttrs\":[{\"dat\":\"00000000\",\"ex_dat\":\"0000\",\"flag\":\"0033\",\"id\":\"05\",\"thd\":\"24\",\"val\":\"64\",\"w_val\":\"64\"},{\"dat\":\"00000000\",\"ex_dat\":\"0000\",\"flag\":\"0012\",\"id\":\"C5\",\"thd\":\"00\",\"val\":\"64\",\"w_val\":\"64\"},{\"dat\":\"00000000\",\"ex_dat\":\"0000\",\"flag\":\"0010\",\"id\":\"C6\",\"thd\":\"00\",\"val\":\"64\",\"w_val\":\"64\"}],\"capacity\":\"465\",\"cmd\":\"DISKINFO\",\"device_id\":\"1\",\"disk\":\"1\",\"disk_status\":\"0\",\"group\":\"2\",\"level\":\"4\",\"status\":\"0\",\"substatus\":\"0\"}',1,NULL),(88,0,2,'DISKINFO','START','1468911659',0,0,NULL,NULL,'{\"CMD_ID\":\"88\",\"cmd\":\"DISKINFO\",\"subcmd\":\"START\",\"level\":\"4\",\"group\":\"3\",\"disk\":\"1\",\"device_id\":\"1\"}','{\"CMD_ID\":\"88\",\"SN\":\"Z4Y24GZC\",\"SmartAttrs\":[{\"dat\":\"00000000\",\"ex_dat\":\"0000\",\"flag\":\"0033\",\"id\":\"05\",\"thd\":\"0A\",\"val\":\"64\",\"w_val\":\"64\"},{\"dat\":\"00000000\",\"ex_dat\":\"0000\",\"flag\":\"0012\",\"id\":\"C5\",\"thd\":\"00\",\"val\":\"64\",\"w_val\":\"64\"},{\"dat\":\"00000000\",\"ex_dat\":\"0000\",\"flag\":\"0010\",\"id\":\"C6\",\"thd\":\"00\",\"val\":\"64\",\"w_val\":\"64\"}],\"capacity\":\"931\",\"cmd\":\"DISKINFO\",\"device_id\":\"1\",\"disk\":\"1\",\"disk_status\":\"0\",\"group\":\"3\",\"level\":\"4\",\"status\":\"0\",\"substatus\":\"0\"}',1,NULL),(89,0,2,'DISKINFO','START','1468911663',0,0,NULL,NULL,'{\"CMD_ID\":\"89\",\"cmd\":\"DISKINFO\",\"subcmd\":\"START\",\"level\":\"4\",\"group\":\"4\",\"disk\":\"1\",\"device_id\":\"1\"}','{\"CMD_ID\":\"89\",\"SN\":\"W4Z093MY\",\"SmartAttrs\":[{\"dat\":\"00000000\",\"ex_dat\":\"0000\",\"flag\":\"0033\",\"id\":\"05\",\"thd\":\"0A\",\"val\":\"64\",\"w_val\":\"64\"},{\"dat\":\"00000000\",\"ex_dat\":\"0000\",\"flag\":\"0012\",\"id\":\"C5\",\"thd\":\"00\",\"val\":\"64\",\"w_val\":\"64\"},{\"dat\":\"00000000\",\"ex_dat\":\"0000\",\"flag\":\"0010\",\"id\":\"C6\",\"thd\":\"00\",\"val\":\"64\",\"w_val\":\"64\"}],\"capacity\":\"1863\",\"cmd\":\"DISKINFO\",\"device_id\":\"1\",\"disk\":\"1\",\"disk_status\":\"0\",\"group\":\"4\",\"level\":\"4\",\"status\":\"0\",\"substatus\":\"0\"}',1,NULL),(90,0,2,'MD5','START','1468911667',0,0,NULL,72.92,'{\"CMD_ID\":\"90\",\"cmd\":\"MD5\",\"subcmd\":\"START\",\"level\":\"3\",\"group\":\"3\",\"disk\":\"1\",\"device_id\":\"1\"}','{\"CMD_ID\":\"90\",\"cmd\":\"MD5\",\"device_id\":\"1\",\"disk\":\"1\",\"group\":\"3\",\"level\":\"3\",\"status\":\"0\",\"subcmd\":\"START\",\"substatus\":\"0\"}',0,'{\"temp\":\"44\"}'),(91,0,2,'DISKINFO','START','1468911667',0,0,NULL,NULL,'{\"CMD_ID\":\"91\",\"cmd\":\"DISKINFO\",\"subcmd\":\"START\",\"level\":\"4\",\"group\":\"5\",\"disk\":\"1\",\"device_id\":\"1\"}','{\"CMD_ID\":\"91\",\"SN\":\"Z4Y24GT1\",\"SmartAttrs\":[{\"dat\":\"00000000\",\"ex_dat\":\"0000\",\"flag\":\"0033\",\"id\":\"05\",\"thd\":\"0A\",\"val\":\"64\",\"w_val\":\"64\"},{\"dat\":\"00000000\",\"ex_dat\":\"0000\",\"flag\":\"0012\",\"id\":\"C5\",\"thd\":\"00\",\"val\":\"64\",\"w_val\":\"64\"},{\"dat\":\"00000000\",\"ex_dat\":\"0000\",\"flag\":\"0010\",\"id\":\"C6\",\"thd\":\"00\",\"val\":\"64\",\"w_val\":\"64\"}],\"capacity\":\"931\",\"cmd\":\"DISKINFO\",\"device_id\":\"1\",\"disk\":\"1\",\"disk_status\":\"0\",\"group\":\"5\",\"level\":\"4\",\"status\":\"0\",\"substatus\":\"0\"}',1,NULL),(92,0,2,'MD5','START','1468911672',0,0,'STOP',100,'{\"CMD_ID\":\"92\",\"cmd\":\"MD5\",\"subcmd\":\"START\",\"level\":\"1\",\"group\":\"4\",\"disk\":\"1\",\"device_id\":\"1\"}','{\"CMD_ID\":\"92\",\"cmd\":\"MD5\",\"device_id\":\"1\",\"disk\":\"1\",\"group\":\"4\",\"level\":\"1\",\"status\":\"0\",\"subcmd\":\"START\",\"substatus\":\"0\"}',1,'{\"temp\":\"46\"}'),(93,0,2,'DISKINFO','START','1468911676',0,0,NULL,NULL,'{\"CMD_ID\":\"93\",\"cmd\":\"DISKINFO\",\"subcmd\":\"START\",\"level\":\"5\",\"group\":\"1\",\"disk\":\"1\",\"device_id\":\"1\"}','{\"CMD_ID\":\"93\",\"SN\":\"Z3TGMC7T\",\"SmartAttrs\":[{\"dat\":\"00000000\",\"ex_dat\":\"0000\",\"flag\":\"0033\",\"id\":\"05\",\"thd\":\"24\",\"val\":\"64\",\"w_val\":\"64\"},{\"dat\":\"00000000\",\"ex_dat\":\"0000\",\"flag\":\"0012\",\"id\":\"C5\",\"thd\":\"00\",\"val\":\"64\",\"w_val\":\"64\"},{\"dat\":\"00000000\",\"ex_dat\":\"0000\",\"flag\":\"0010\",\"id\":\"C6\",\"thd\":\"00\",\"val\":\"64\",\"w_val\":\"64\"}],\"capacity\":\"465\",\"cmd\":\"DISKINFO\",\"device_id\":\"1\",\"disk\":\"1\",\"disk_status\":\"0\",\"group\":\"1\",\"level\":\"5\",\"status\":\"0\",\"substatus\":\"0\"}',1,NULL),(94,0,2,'DISKINFO','START','1468911680',0,0,NULL,NULL,'{\"CMD_ID\":\"94\",\"cmd\":\"DISKINFO\",\"subcmd\":\"START\",\"level\":\"5\",\"group\":\"2\",\"disk\":\"1\",\"device_id\":\"1\"}','{\"CMD_ID\":\"94\",\"SN\":\"Z4Y24F9W\",\"SmartAttrs\":[{\"dat\":\"00000000\",\"ex_dat\":\"0000\",\"flag\":\"0033\",\"id\":\"05\",\"thd\":\"0A\",\"val\":\"64\",\"w_val\":\"64\"},{\"dat\":\"00000000\",\"ex_dat\":\"0000\",\"flag\":\"0012\",\"id\":\"C5\",\"thd\":\"00\",\"val\":\"64\",\"w_val\":\"64\"},{\"dat\":\"00000000\",\"ex_dat\":\"0000\",\"flag\":\"0010\",\"id\":\"C6\",\"thd\":\"00\",\"val\":\"64\",\"w_val\":\"64\"}],\"capacity\":\"931\",\"cmd\":\"DISKINFO\",\"device_id\":\"1\",\"disk\":\"1\",\"disk_status\":\"0\",\"group\":\"2\",\"level\":\"5\",\"status\":\"0\",\"substatus\":\"0\"}',1,NULL),(95,0,2,'DISKINFO','START','1468911685',0,0,NULL,NULL,'{\"CMD_ID\":\"95\",\"cmd\":\"DISKINFO\",\"subcmd\":\"START\",\"level\":\"5\",\"group\":\"3\",\"disk\":\"1\",\"device_id\":\"1\"}','{\"CMD_ID\":\"95\",\"SN\":\"S4Z0AEE6\",\"SmartAttrs\":[{\"dat\":\"00000000\",\"ex_dat\":\"0000\",\"flag\":\"0033\",\"id\":\"05\",\"thd\":\"0A\",\"val\":\"64\",\"w_val\":\"64\"},{\"dat\":\"00000000\",\"ex_dat\":\"0000\",\"flag\":\"0012\",\"id\":\"C5\",\"thd\":\"00\",\"val\":\"64\",\"w_val\":\"64\"},{\"dat\":\"00000000\",\"ex_dat\":\"0000\",\"flag\":\"0010\",\"id\":\"C6\",\"thd\":\"00\",\"val\":\"64\",\"w_val\":\"64\"}],\"capacity\":\"1863\",\"cmd\":\"DISKINFO\",\"device_id\":\"1\",\"disk\":\"1\",\"disk_status\":\"0\",\"group\":\"3\",\"level\":\"5\",\"status\":\"0\",\"substatus\":\"0\"}',1,NULL),(96,0,2,'DISKINFO','START','1468911690',0,0,NULL,NULL,'{\"CMD_ID\":\"96\",\"cmd\":\"DISKINFO\",\"subcmd\":\"START\",\"level\":\"5\",\"group\":\"4\",\"disk\":\"1\",\"device_id\":\"1\"}','{\"CMD_ID\":\"96\",\"SN\":\"5SZ0S63P\",\"SmartAttrs\":[{\"dat\":\"00000000\",\"ex_dat\":\"0000\",\"flag\":\"0033\",\"id\":\"05\",\"thd\":\"24\",\"val\":\"64\",\"w_val\":\"64\"},{\"dat\":\"00000000\",\"ex_dat\":\"0000\",\"flag\":\"0012\",\"id\":\"C5\",\"thd\":\"00\",\"val\":\"64\",\"w_val\":\"64\"},{\"dat\":\"00000000\",\"ex_dat\":\"0000\",\"flag\":\"0010\",\"id\":\"C6\",\"thd\":\"00\",\"val\":\"64\",\"w_val\":\"64\"}],\"capacity\":\"298\",\"cmd\":\"DISKINFO\",\"device_id\":\"1\",\"disk\":\"1\",\"disk_status\":\"0\",\"group\":\"4\",\"level\":\"5\",\"status\":\"0\",\"substatus\":\"0\"}',1,NULL),(97,0,2,'DISKINFO','START','1468911695',0,0,NULL,NULL,'{\"CMD_ID\":\"97\",\"cmd\":\"DISKINFO\",\"subcmd\":\"START\",\"level\":\"5\",\"group\":\"5\",\"disk\":\"1\",\"device_id\":\"1\"}','{\"CMD_ID\":\"97\",\"SN\":\"W4Z093MB\",\"SmartAttrs\":[{\"dat\":\"00000000\",\"ex_dat\":\"0000\",\"flag\":\"0033\",\"id\":\"05\",\"thd\":\"0A\",\"val\":\"64\",\"w_val\":\"64\"},{\"dat\":\"00000000\",\"ex_dat\":\"0000\",\"flag\":\"0012\",\"id\":\"C5\",\"thd\":\"00\",\"val\":\"64\",\"w_val\":\"64\"},{\"dat\":\"00000000\",\"ex_dat\":\"0000\",\"flag\":\"0010\",\"id\":\"C6\",\"thd\":\"00\",\"val\":\"64\",\"w_val\":\"64\"}],\"capacity\":\"1863\",\"cmd\":\"DISKINFO\",\"device_id\":\"1\",\"disk\":\"1\",\"disk_status\":\"0\",\"group\":\"5\",\"level\":\"5\",\"status\":\"0\",\"substatus\":\"0\"}',1,NULL),(98,0,2,'DISKINFO','START','1468911700',0,0,NULL,NULL,'{\"CMD_ID\":\"98\",\"cmd\":\"DISKINFO\",\"subcmd\":\"START\",\"level\":\"5\",\"group\":\"6\",\"disk\":\"1\",\"device_id\":\"1\"}','{\"CMD_ID\":\"98\",\"SN\":\"S4Z0AF08\",\"SmartAttrs\":[{\"dat\":\"00000000\",\"ex_dat\":\"0000\",\"flag\":\"0033\",\"id\":\"05\",\"thd\":\"0A\",\"val\":\"64\",\"w_val\":\"64\"},{\"dat\":\"00000000\",\"ex_dat\":\"0000\",\"flag\":\"0012\",\"id\":\"C5\",\"thd\":\"00\",\"val\":\"64\",\"w_val\":\"64\"},{\"dat\":\"00000000\",\"ex_dat\":\"0000\",\"flag\":\"0010\",\"id\":\"C6\",\"thd\":\"00\",\"val\":\"64\",\"w_val\":\"64\"}],\"capacity\":\"1863\",\"cmd\":\"DISKINFO\",\"device_id\":\"1\",\"disk\":\"1\",\"disk_status\":\"0\",\"group\":\"6\",\"level\":\"5\",\"status\":\"0\",\"substatus\":\"0\"}',1,NULL),(99,0,2,'MD5','START','1468911732',0,0,NULL,38.88,'{\"CMD_ID\":\"99\",\"cmd\":\"MD5\",\"subcmd\":\"START\",\"level\":\"2\",\"group\":\"3\",\"disk\":\"1\",\"device_id\":\"1\"}','{\"CMD_ID\":\"99\",\"cmd\":\"MD5\",\"device_id\":\"1\",\"disk\":\"1\",\"group\":\"3\",\"level\":\"2\",\"status\":\"0\",\"subcmd\":\"START\",\"substatus\":\"0\"}',0,'{\"temp\":\"47\"}'),(100,0,2,'DISKINFO','START','1468911750',0,0,NULL,NULL,'{\"CMD_ID\":\"100\",\"cmd\":\"DISKINFO\",\"subcmd\":\"START\",\"level\":\"6\",\"group\":\"1\",\"disk\":\"1\",\"device_id\":\"1\"}','{\"CMD_ID\":\"100\",\"SN\":\"S4Z0AGHM\",\"SmartAttrs\":[{\"dat\":\"00000000\",\"ex_dat\":\"0000\",\"flag\":\"0033\",\"id\":\"05\",\"thd\":\"0A\",\"val\":\"64\",\"w_val\":\"64\"},{\"dat\":\"00000000\",\"ex_dat\":\"0000\",\"flag\":\"0012\",\"id\":\"C5\",\"thd\":\"00\",\"val\":\"64\",\"w_val\":\"64\"},{\"dat\":\"00000000\",\"ex_dat\":\"0000\",\"flag\":\"0010\",\"id\":\"C6\",\"thd\":\"00\",\"val\":\"64\",\"w_val\":\"64\"}],\"capacity\":\"1863\",\"cmd\":\"DISKINFO\",\"device_id\":\"1\",\"disk\":\"1\",\"disk_status\":\"0\",\"group\":\"1\",\"level\":\"6\",\"status\":\"0\",\"substatus\":\"0\"}',1,NULL),(101,0,2,'MD5','START','1468911762',0,0,NULL,72.65,'{\"CMD_ID\":\"101\",\"cmd\":\"MD5\",\"subcmd\":\"START\",\"level\":\"4\",\"group\":\"3\",\"disk\":\"1\",\"device_id\":\"1\"}','{\"CMD_ID\":\"101\",\"cmd\":\"MD5\",\"device_id\":\"1\",\"disk\":\"1\",\"group\":\"3\",\"level\":\"4\",\"status\":\"0\",\"subcmd\":\"START\",\"substatus\":\"0\"}',0,'{\"temp\":\"42\"}'),(102,0,2,'DISKINFO','START','1468911770',0,0,NULL,NULL,'{\"CMD_ID\":\"102\",\"cmd\":\"DISKINFO\",\"subcmd\":\"START\",\"level\":\"6\",\"group\":\"2\",\"disk\":\"1\",\"device_id\":\"1\"}','{\"CMD_ID\":\"102\",\"SN\":\"S4Z0AEJW\",\"SmartAttrs\":[{\"dat\":\"00000000\",\"ex_dat\":\"0000\",\"flag\":\"0033\",\"id\":\"05\",\"thd\":\"0A\",\"val\":\"64\",\"w_val\":\"64\"},{\"dat\":\"00000000\",\"ex_dat\":\"0000\",\"flag\":\"0012\",\"id\":\"C5\",\"thd\":\"00\",\"val\":\"64\",\"w_val\":\"64\"},{\"dat\":\"00000000\",\"ex_dat\":\"0000\",\"flag\":\"0010\",\"id\":\"C6\",\"thd\":\"00\",\"val\":\"64\",\"w_val\":\"64\"}],\"capacity\":\"1863\",\"cmd\":\"DISKINFO\",\"device_id\":\"1\",\"disk\":\"1\",\"disk_status\":\"0\",\"group\":\"2\",\"level\":\"6\",\"status\":\"0\",\"substatus\":\"0\"}',1,NULL),(103,0,2,'DISKINFO','START','1468911774',0,0,NULL,NULL,'{\"CMD_ID\":\"103\",\"cmd\":\"DISKINFO\",\"subcmd\":\"START\",\"level\":\"6\",\"group\":\"3\",\"disk\":\"1\",\"device_id\":\"1\"}','{\"CMD_ID\":\"103\",\"SN\":\"S4Y12Z6G\",\"SmartAttrs\":[{\"dat\":\"00000000\",\"ex_dat\":\"0000\",\"flag\":\"0033\",\"id\":\"05\",\"thd\":\"0A\",\"val\":\"64\",\"w_val\":\"64\"},{\"dat\":\"00000000\",\"ex_dat\":\"0000\",\"flag\":\"0012\",\"id\":\"C5\",\"thd\":\"00\",\"val\":\"64\",\"w_val\":\"64\"},{\"dat\":\"00000000\",\"ex_dat\":\"0000\",\"flag\":\"0010\",\"id\":\"C6\",\"thd\":\"00\",\"val\":\"64\",\"w_val\":\"64\"}],\"capacity\":\"931\",\"cmd\":\"DISKINFO\",\"device_id\":\"1\",\"disk\":\"1\",\"disk_status\":\"0\",\"group\":\"3\",\"level\":\"6\",\"status\":\"0\",\"substatus\":\"0\"}',1,NULL),(104,0,2,'MD5','START','1468911777',0,0,NULL,38,'{\"CMD_ID\":\"104\",\"cmd\":\"MD5\",\"subcmd\":\"START\",\"level\":\"5\",\"group\":\"3\",\"disk\":\"1\",\"device_id\":\"1\"}','{\"CMD_ID\":\"104\",\"cmd\":\"MD5\",\"device_id\":\"1\",\"disk\":\"1\",\"group\":\"3\",\"level\":\"5\",\"status\":\"0\",\"subcmd\":\"START\",\"substatus\":\"0\"}',0,'{\"temp\":\"42\"}'),(105,0,2,'DISKINFO','START','1468911782',0,0,NULL,NULL,'{\"CMD_ID\":\"105\",\"cmd\":\"DISKINFO\",\"subcmd\":\"START\",\"level\":\"6\",\"group\":\"4\",\"disk\":\"1\",\"device_id\":\"1\"}','{\"CMD_ID\":\"105\",\"SN\":\"Z4Z0YRE6\",\"SmartAttrs\":[{\"dat\":\"00000000\",\"ex_dat\":\"0000\",\"flag\":\"0033\",\"id\":\"05\",\"thd\":\"0A\",\"val\":\"64\",\"w_val\":\"64\"},{\"dat\":\"00000000\",\"ex_dat\":\"0000\",\"flag\":\"0012\",\"id\":\"C5\",\"thd\":\"00\",\"val\":\"64\",\"w_val\":\"64\"},{\"dat\":\"00000000\",\"ex_dat\":\"0000\",\"flag\":\"0010\",\"id\":\"C6\",\"thd\":\"00\",\"val\":\"64\",\"w_val\":\"64\"}],\"capacity\":\"1863\",\"cmd\":\"DISKINFO\",\"device_id\":\"1\",\"disk\":\"1\",\"disk_status\":\"0\",\"group\":\"4\",\"level\":\"6\",\"status\":\"0\",\"substatus\":\"0\"}',1,NULL),(106,0,2,'DISKINFO','START','1468911786',0,0,NULL,NULL,'{\"CMD_ID\":\"106\",\"cmd\":\"DISKINFO\",\"subcmd\":\"START\",\"level\":\"6\",\"group\":\"5\",\"disk\":\"1\",\"device_id\":\"1\"}','{\"CMD_ID\":\"106\",\"SN\":\"S4Y15C63\",\"SmartAttrs\":[{\"dat\":\"00000000\",\"ex_dat\":\"0000\",\"flag\":\"0033\",\"id\":\"05\",\"thd\":\"0A\",\"val\":\"64\",\"w_val\":\"64\"},{\"dat\":\"00000000\",\"ex_dat\":\"0000\",\"flag\":\"0012\",\"id\":\"C5\",\"thd\":\"00\",\"val\":\"64\",\"w_val\":\"64\"},{\"dat\":\"00000000\",\"ex_dat\":\"0000\",\"flag\":\"0010\",\"id\":\"C6\",\"thd\":\"00\",\"val\":\"64\",\"w_val\":\"64\"}],\"capacity\":\"931\",\"cmd\":\"DISKINFO\",\"device_id\":\"1\",\"disk\":\"1\",\"disk_status\":\"0\",\"group\":\"5\",\"level\":\"6\",\"status\":\"0\",\"substatus\":\"0\"}',1,NULL),(107,0,2,'DISKINFO','START','1468911789',0,0,NULL,NULL,'{\"CMD_ID\":\"107\",\"cmd\":\"DISKINFO\",\"subcmd\":\"START\",\"level\":\"6\",\"group\":\"6\",\"disk\":\"1\",\"device_id\":\"1\"}','{\"CMD_ID\":\"107\",\"SN\":\"S4Y12ZG8\",\"SmartAttrs\":[{\"dat\":\"00000000\",\"ex_dat\":\"0000\",\"flag\":\"0033\",\"id\":\"05\",\"thd\":\"0A\",\"val\":\"64\",\"w_val\":\"64\"},{\"dat\":\"00000000\",\"ex_dat\":\"0000\",\"flag\":\"0012\",\"id\":\"C5\",\"thd\":\"00\",\"val\":\"64\",\"w_val\":\"64\"},{\"dat\":\"00000000\",\"ex_dat\":\"0000\",\"flag\":\"0010\",\"id\":\"C6\",\"thd\":\"00\",\"val\":\"64\",\"w_val\":\"64\"}],\"capacity\":\"931\",\"cmd\":\"DISKINFO\",\"device_id\":\"1\",\"disk\":\"1\",\"disk_status\":\"0\",\"group\":\"6\",\"level\":\"6\",\"status\":\"0\",\"substatus\":\"0\"}',1,NULL),(108,0,2,'MD5','START','1468911792',0,0,NULL,40.69,'{\"CMD_ID\":\"108\",\"cmd\":\"MD5\",\"subcmd\":\"START\",\"level\":\"5\",\"group\":\"5\",\"disk\":\"1\",\"device_id\":\"1\"}','{\"CMD_ID\":\"108\",\"cmd\":\"MD5\",\"device_id\":\"1\",\"disk\":\"1\",\"group\":\"5\",\"level\":\"5\",\"status\":\"0\",\"subcmd\":\"START\",\"substatus\":\"0\"}',0,'{\"temp\":\"44\"}'),(109,0,2,'MD5','START','1468911832',0,0,NULL,37.92,'{\"CMD_ID\":\"109\",\"cmd\":\"MD5\",\"subcmd\":\"START\",\"level\":\"5\",\"group\":\"6\",\"disk\":\"1\",\"device_id\":\"1\"}','{\"CMD_ID\":\"109\",\"cmd\":\"MD5\",\"device_id\":\"1\",\"disk\":\"1\",\"group\":\"6\",\"level\":\"5\",\"status\":\"0\",\"subcmd\":\"START\",\"substatus\":\"0\"}',0,'{\"temp\":\"42\"}'),(110,0,2,'MD5','START','1468911857',0,0,NULL,36.28,'{\"CMD_ID\":\"110\",\"cmd\":\"MD5\",\"subcmd\":\"START\",\"level\":\"4\",\"group\":\"1\",\"disk\":\"1\",\"device_id\":\"1\"}','{\"CMD_ID\":\"110\",\"cmd\":\"MD5\",\"device_id\":\"1\",\"disk\":\"1\",\"group\":\"1\",\"level\":\"4\",\"status\":\"0\",\"subcmd\":\"START\",\"substatus\":\"0\"}',0,'{\"temp\":\"41\"}'),(111,0,2,'MD5','START','1468911857',0,0,NULL,72.6,'{\"CMD_ID\":\"111\",\"cmd\":\"MD5\",\"subcmd\":\"START\",\"level\":\"6\",\"group\":\"3\",\"disk\":\"1\",\"device_id\":\"1\"}','{\"CMD_ID\":\"111\",\"cmd\":\"MD5\",\"device_id\":\"1\",\"disk\":\"1\",\"group\":\"3\",\"level\":\"6\",\"status\":\"0\",\"subcmd\":\"START\",\"substatus\":\"0\"}',0,'{\"temp\":\"43\"}'),(112,0,2,'MD5','START','1468911862',0,0,NULL,36.06,'{\"CMD_ID\":\"112\",\"cmd\":\"MD5\",\"subcmd\":\"START\",\"level\":\"6\",\"group\":\"1\",\"disk\":\"1\",\"device_id\":\"1\"}','{\"CMD_ID\":\"112\",\"cmd\":\"MD5\",\"device_id\":\"1\",\"disk\":\"1\",\"group\":\"1\",\"level\":\"6\",\"status\":\"0\",\"subcmd\":\"START\",\"substatus\":\"0\"}',0,'{\"temp\":\"43\"}'),(113,0,2,'MD5','START','1468911872',0,0,NULL,68.45,'{\"CMD_ID\":\"113\",\"cmd\":\"MD5\",\"subcmd\":\"START\",\"level\":\"6\",\"group\":\"5\",\"disk\":\"1\",\"device_id\":\"1\"}','{\"CMD_ID\":\"113\",\"cmd\":\"MD5\",\"device_id\":\"1\",\"disk\":\"1\",\"group\":\"5\",\"level\":\"6\",\"status\":\"0\",\"subcmd\":\"START\",\"substatus\":\"0\"}',0,'{\"temp\":\"40\"}'),(114,0,2,'MD5','START','1468911877',0,0,'STOP',100,'{\"CMD_ID\":\"114\",\"cmd\":\"MD5\",\"subcmd\":\"START\",\"level\":\"5\",\"group\":\"4\",\"disk\":\"1\",\"device_id\":\"1\"}','{\"CMD_ID\":\"114\",\"cmd\":\"MD5\",\"device_id\":\"1\",\"disk\":\"1\",\"group\":\"4\",\"level\":\"5\",\"status\":\"0\",\"subcmd\":\"START\",\"substatus\":\"0\"}',1,'{\"temp\":\"44\"}'),(115,0,2,'MD5','START','1468911877',0,0,NULL,38.48,'{\"CMD_ID\":\"115\",\"cmd\":\"MD5\",\"subcmd\":\"START\",\"level\":\"6\",\"group\":\"4\",\"disk\":\"1\",\"device_id\":\"1\"}','{\"CMD_ID\":\"115\",\"cmd\":\"MD5\",\"device_id\":\"1\",\"disk\":\"1\",\"group\":\"4\",\"level\":\"6\",\"status\":\"0\",\"subcmd\":\"START\",\"substatus\":\"0\"}',0,'{\"temp\":\"43\"}'),(116,0,2,'MD5','START','1468911887',0,0,NULL,74.61,'{\"CMD_ID\":\"116\",\"cmd\":\"MD5\",\"subcmd\":\"START\",\"level\":\"4\",\"group\":\"5\",\"disk\":\"1\",\"device_id\":\"1\"}','{\"CMD_ID\":\"116\",\"cmd\":\"MD5\",\"device_id\":\"1\",\"disk\":\"1\",\"group\":\"5\",\"level\":\"4\",\"status\":\"0\",\"subcmd\":\"START\",\"substatus\":\"0\"}',0,'{\"temp\":\"40\"}'),(117,0,2,'MD5','START','1468911907',0,0,NULL,69.58,'{\"CMD_ID\":\"117\",\"cmd\":\"MD5\",\"subcmd\":\"START\",\"level\":\"6\",\"group\":\"6\",\"disk\":\"1\",\"device_id\":\"1\"}','{\"CMD_ID\":\"117\",\"cmd\":\"MD5\",\"device_id\":\"1\",\"disk\":\"1\",\"group\":\"6\",\"level\":\"6\",\"status\":\"0\",\"subcmd\":\"START\",\"substatus\":\"0\"}',0,'{\"temp\":\"41\"}'),(118,0,2,'MD5','START','1468912002',0,0,NULL,88.9,'{\"CMD_ID\":\"118\",\"cmd\":\"MD5\",\"subcmd\":\"START\",\"level\":\"5\",\"group\":\"1\",\"disk\":\"1\",\"device_id\":\"1\"}','{\"CMD_ID\":\"118\",\"cmd\":\"MD5\",\"device_id\":\"1\",\"disk\":\"1\",\"group\":\"1\",\"level\":\"5\",\"status\":\"0\",\"subcmd\":\"START\",\"substatus\":\"0\"}',0,'{\"temp\":\"43\"}'),(119,0,2,'DISKINFO','START','1468912022',27,0,NULL,NULL,'{\"CMD_ID\":\"119\",\"cmd\":\"DISKINFO\",\"subcmd\":\"START\",\"level\":\"1\",\"group\":\"5\",\"disk\":\"1\",\"device_id\":\"1\"}',NULL,1,'disk info is going'),(120,0,2,'MD5','START','1468912027',0,0,NULL,37.98,'{\"CMD_ID\":\"120\",\"cmd\":\"MD5\",\"subcmd\":\"START\",\"level\":\"6\",\"group\":\"2\",\"disk\":\"1\",\"device_id\":\"1\"}','{\"CMD_ID\":\"120\",\"cmd\":\"MD5\",\"device_id\":\"1\",\"disk\":\"1\",\"group\":\"2\",\"level\":\"6\",\"status\":\"0\",\"subcmd\":\"START\",\"substatus\":\"0\"}',0,'{\"temp\":\"43\"}'),(121,0,2,'MD5','START','1468912072',0,0,NULL,96.56,'{\"CMD_ID\":\"121\",\"cmd\":\"MD5\",\"subcmd\":\"START\",\"level\":\"4\",\"group\":\"2\",\"disk\":\"1\",\"device_id\":\"1\"}','{\"CMD_ID\":\"121\",\"cmd\":\"MD5\",\"device_id\":\"1\",\"disk\":\"1\",\"group\":\"2\",\"level\":\"4\",\"status\":\"0\",\"subcmd\":\"START\",\"substatus\":\"0\"}',0,'{\"temp\":\"42\"}'),(122,0,2,'MD5','START','1468912077',0,0,NULL,38.06,'{\"CMD_ID\":\"122\",\"cmd\":\"MD5\",\"subcmd\":\"START\",\"level\":\"4\",\"group\":\"4\",\"disk\":\"1\",\"device_id\":\"1\"}','{\"CMD_ID\":\"122\",\"cmd\":\"MD5\",\"device_id\":\"1\",\"disk\":\"1\",\"group\":\"4\",\"level\":\"4\",\"status\":\"0\",\"subcmd\":\"START\",\"substatus\":\"0\"}',0,'{\"temp\":\"42\"}'),(123,0,2,'MD5','START','1468912097',0,0,NULL,69.51,'{\"CMD_ID\":\"123\",\"cmd\":\"MD5\",\"subcmd\":\"START\",\"level\":\"5\",\"group\":\"2\",\"disk\":\"1\",\"device_id\":\"1\"}','{\"CMD_ID\":\"123\",\"cmd\":\"MD5\",\"device_id\":\"1\",\"disk\":\"1\",\"group\":\"2\",\"level\":\"5\",\"status\":\"0\",\"subcmd\":\"START\",\"substatus\":\"0\"}',0,'{\"temp\":\"42\"}'),(124,0,2,'DISKINFO','START','1468912104',27,0,NULL,NULL,'{\"CMD_ID\":\"124\",\"cmd\":\"DISKINFO\",\"subcmd\":\"START\",\"level\":\"1\",\"group\":\"5\",\"disk\":\"1\",\"device_id\":\"1\"}',NULL,1,'disk info is going'),(125,0,2,'DISKINFO','START','1468912123',0,0,NULL,NULL,'{\"CMD_ID\":\"125\",\"cmd\":\"DISKINFO\",\"subcmd\":\"START\",\"level\":\"1\",\"group\":\"5\",\"disk\":\"1\",\"device_id\":\"1\"}','{\"CMD_ID\":\"125\",\"SN\":\"S4Z0AGE3\",\"SmartAttrs\":[{\"dat\":\"00000000\",\"ex_dat\":\"0000\",\"flag\":\"0033\",\"id\":\"05\",\"thd\":\"0A\",\"val\":\"64\",\"w_val\":\"64\"},{\"dat\":\"00000000\",\"ex_dat\":\"0000\",\"flag\":\"0012\",\"id\":\"C5\",\"thd\":\"00\",\"val\":\"64\",\"w_val\":\"64\"},{\"dat\":\"00000000\",\"ex_dat\":\"0000\",\"flag\":\"0010\",\"id\":\"C6\",\"thd\":\"00\",\"val\":\"64\",\"w_val\":\"64\"}],\"capacity\":\"1863\",\"cmd\":\"DISKINFO\",\"device_id\":\"1\",\"disk\":\"1\",\"disk_status\":\"0\",\"group\":\"5\",\"level\":\"1\",\"status\":\"0\",\"substatus\":\"0\"}',1,NULL),(126,0,2,'DISKINFO','START','1468912158',0,0,NULL,NULL,'{\"CMD_ID\":\"126\",\"cmd\":\"DISKINFO\",\"subcmd\":\"START\",\"level\":\"2\",\"group\":\"1\",\"disk\":\"1\",\"device_id\":\"1\"}','{\"CMD_ID\":\"126\",\"SN\":\"S4Z0B8ML\",\"SmartAttrs\":[{\"dat\":\"00000000\",\"ex_dat\":\"0000\",\"flag\":\"0033\",\"id\":\"05\",\"thd\":\"0A\",\"val\":\"64\",\"w_val\":\"64\"},{\"dat\":\"00000000\",\"ex_dat\":\"0000\",\"flag\":\"0012\",\"id\":\"C5\",\"thd\":\"00\",\"val\":\"64\",\"w_val\":\"64\"},{\"dat\":\"00000000\",\"ex_dat\":\"0000\",\"flag\":\"0010\",\"id\":\"C6\",\"thd\":\"00\",\"val\":\"64\",\"w_val\":\"64\"}],\"capacity\":\"1863\",\"cmd\":\"DISKINFO\",\"device_id\":\"1\",\"disk\":\"1\",\"disk_status\":\"0\",\"group\":\"1\",\"level\":\"2\",\"status\":\"0\",\"substatus\":\"0\"}',1,NULL),(127,0,2,'DISKINFO','START','1468912162',0,0,NULL,NULL,'{\"CMD_ID\":\"127\",\"cmd\":\"DISKINFO\",\"subcmd\":\"START\",\"level\":\"2\",\"group\":\"5\",\"disk\":\"1\",\"device_id\":\"1\"}','{\"CMD_ID\":\"127\",\"SN\":\"Z4Y24G40\",\"SmartAttrs\":[{\"dat\":\"00000000\",\"ex_dat\":\"0000\",\"flag\":\"0033\",\"id\":\"05\",\"thd\":\"0A\",\"val\":\"64\",\"w_val\":\"64\"},{\"dat\":\"00000000\",\"ex_dat\":\"0000\",\"flag\":\"0012\",\"id\":\"C5\",\"thd\":\"00\",\"val\":\"64\",\"w_val\":\"64\"},{\"dat\":\"00000000\",\"ex_dat\":\"0000\",\"flag\":\"0010\",\"id\":\"C6\",\"thd\":\"00\",\"val\":\"64\",\"w_val\":\"64\"}],\"capacity\":\"931\",\"cmd\":\"DISKINFO\",\"device_id\":\"1\",\"disk\":\"1\",\"disk_status\":\"0\",\"group\":\"5\",\"level\":\"2\",\"status\":\"0\",\"substatus\":\"0\"}',1,NULL),(128,0,2,'MD5','START','1468912197',0,0,NULL,33.66,'{\"CMD_ID\":\"128\",\"cmd\":\"MD5\",\"subcmd\":\"START\",\"level\":\"1\",\"group\":\"5\",\"disk\":\"1\",\"device_id\":\"1\"}','{\"CMD_ID\":\"128\",\"cmd\":\"MD5\",\"device_id\":\"1\",\"disk\":\"1\",\"group\":\"5\",\"level\":\"1\",\"status\":\"0\",\"subcmd\":\"START\",\"substatus\":\"0\"}',0,'{\"temp\":\"44\"}'),(129,0,2,'MD5','START','1468912232',0,0,NULL,34.55,'{\"CMD_ID\":\"129\",\"cmd\":\"MD5\",\"subcmd\":\"START\",\"level\":\"2\",\"group\":\"1\",\"disk\":\"1\",\"device_id\":\"1\"}','{\"CMD_ID\":\"129\",\"cmd\":\"MD5\",\"device_id\":\"1\",\"disk\":\"1\",\"group\":\"1\",\"level\":\"2\",\"status\":\"0\",\"subcmd\":\"START\",\"substatus\":\"0\"}',0,'{\"temp\":\"44\"}'),(130,0,2,'MD5','START','1468912237',0,0,NULL,65.74,'{\"CMD_ID\":\"130\",\"cmd\":\"MD5\",\"subcmd\":\"START\",\"level\":\"2\",\"group\":\"5\",\"disk\":\"1\",\"device_id\":\"1\"}','{\"CMD_ID\":\"130\",\"cmd\":\"MD5\",\"device_id\":\"1\",\"disk\":\"1\",\"group\":\"5\",\"level\":\"2\",\"status\":\"0\",\"subcmd\":\"START\",\"substatus\":\"0\"}',0,'{\"temp\":\"42\"}'),(131,0,2,'DISKINFO','START','1468912306',0,0,NULL,NULL,'{\"CMD_ID\":\"131\",\"cmd\":\"DISKINFO\",\"subcmd\":\"START\",\"level\":\"3\",\"group\":\"1\",\"disk\":\"1\",\"device_id\":\"1\"}','{\"CMD_ID\":\"131\",\"SN\":\"S4Z05VYE\",\"SmartAttrs\":[{\"dat\":\"00000000\",\"ex_dat\":\"0000\",\"flag\":\"0033\",\"id\":\"05\",\"thd\":\"0A\",\"val\":\"64\",\"w_val\":\"64\"},{\"dat\":\"00000000\",\"ex_dat\":\"0000\",\"flag\":\"0012\",\"id\":\"C5\",\"thd\":\"00\",\"val\":\"64\",\"w_val\":\"64\"},{\"dat\":\"00000000\",\"ex_dat\":\"0000\",\"flag\":\"0010\",\"id\":\"C6\",\"thd\":\"00\",\"val\":\"64\",\"w_val\":\"64\"}],\"capacity\":\"1863\",\"cmd\":\"DISKINFO\",\"device_id\":\"1\",\"disk\":\"1\",\"disk_status\":\"0\",\"group\":\"1\",\"level\":\"3\",\"status\":\"0\",\"substatus\":\"0\"}',1,NULL),(132,0,2,'DISKINFO','START','1468912311',0,0,NULL,NULL,'{\"CMD_ID\":\"132\",\"cmd\":\"DISKINFO\",\"subcmd\":\"START\",\"level\":\"3\",\"group\":\"6\",\"disk\":\"1\",\"device_id\":\"1\"}','{\"CMD_ID\":\"132\",\"SN\":\"Z4Y24B2G\",\"SmartAttrs\":[{\"dat\":\"00000000\",\"ex_dat\":\"0000\",\"flag\":\"0033\",\"id\":\"05\",\"thd\":\"0A\",\"val\":\"64\",\"w_val\":\"64\"},{\"dat\":\"00000000\",\"ex_dat\":\"0000\",\"flag\":\"0012\",\"id\":\"C5\",\"thd\":\"00\",\"val\":\"64\",\"w_val\":\"64\"},{\"dat\":\"00000000\",\"ex_dat\":\"0000\",\"flag\":\"0010\",\"id\":\"C6\",\"thd\":\"00\",\"val\":\"64\",\"w_val\":\"64\"}],\"capacity\":\"931\",\"cmd\":\"DISKINFO\",\"device_id\":\"1\",\"disk\":\"1\",\"disk_status\":\"0\",\"group\":\"6\",\"level\":\"3\",\"status\":\"0\",\"substatus\":\"0\"}',1,NULL),(133,0,2,'MD5','START','1468912377',0,0,NULL,35.18,'{\"CMD_ID\":\"133\",\"cmd\":\"MD5\",\"subcmd\":\"START\",\"level\":\"3\",\"group\":\"1\",\"disk\":\"1\",\"device_id\":\"1\"}','{\"CMD_ID\":\"133\",\"cmd\":\"MD5\",\"device_id\":\"1\",\"disk\":\"1\",\"group\":\"1\",\"level\":\"3\",\"status\":\"0\",\"subcmd\":\"START\",\"substatus\":\"0\"}',0,'{\"temp\":\"44\"}'),(134,0,2,'MD5','START','1468912382',0,0,NULL,69.31,'{\"CMD_ID\":\"134\",\"cmd\":\"MD5\",\"subcmd\":\"START\",\"level\":\"3\",\"group\":\"6\",\"disk\":\"1\",\"device_id\":\"1\"}','{\"CMD_ID\":\"134\",\"cmd\":\"MD5\",\"device_id\":\"1\",\"disk\":\"1\",\"group\":\"6\",\"level\":\"3\",\"status\":\"0\",\"subcmd\":\"START\",\"substatus\":\"0\"}',0,'{\"temp\":\"42\"}'),(135,0,2,'DISKINFO','START','1468912754',0,0,NULL,NULL,'{\"CMD_ID\":\"135\",\"cmd\":\"DISKINFO\",\"subcmd\":\"START\",\"level\":\"1\",\"group\":\"5\",\"disk\":\"1\",\"device_id\":\"2\"}','{\"CMD_ID\":\"135\",\"SN\":\"PFDB30K2CPQSRB\",\"SmartAttrs\":[{\"dat\":\"00000000\",\"ex_dat\":\"0000\",\"flag\":\"0033\",\"id\":\"05\",\"thd\":\"05\",\"val\":\"64\",\"w_val\":\"64\"},{\"dat\":\"00000000\",\"ex_dat\":\"0000\",\"flag\":\"0022\",\"id\":\"C5\",\"thd\":\"00\",\"val\":\"64\",\"w_val\":\"64\"},{\"dat\":\"00000000\",\"ex_dat\":\"0000\",\"flag\":\"0008\",\"id\":\"C6\",\"thd\":\"00\",\"val\":\"64\",\"w_val\":\"64\"}],\"capacity\":\"76\",\"cmd\":\"DISKINFO\",\"device_id\":\"2\",\"disk\":\"1\",\"disk_status\":\"0\",\"group\":\"5\",\"level\":\"1\",\"status\":\"0\",\"substatus\":\"0\"}',1,NULL),(136,0,2,'MD5','START','1468912817',0,0,'STOP',100,'{\"CMD_ID\":\"136\",\"cmd\":\"MD5\",\"subcmd\":\"START\",\"level\":\"1\",\"group\":\"5\",\"disk\":\"1\",\"device_id\":\"2\"}','{\"CMD_ID\":\"136\",\"cmd\":\"MD5\",\"device_id\":\"2\",\"disk\":\"1\",\"group\":\"5\",\"level\":\"1\",\"status\":\"0\",\"subcmd\":\"START\",\"substatus\":\"0\"}',1,'{\"temp\":\"46\"}'),(137,0,9,'DEVICEINFO','START','1468914967',0,0,NULL,NULL,'{\"CMD_ID\":\"137\",\"cmd\":\"DEVICEINFO\"}','{\"CMD_ID\":\"137\",\"cabinets\":[{\"disk_cnt\":\"4\",\"group_cnt\":\"6\",\"id\":\"1\",\"level_cnt\":\"6\",\"sn\":\"HSX100JG1440001\"},{\"disk_cnt\":\"4\",\"group_cnt\":\"6\",\"id\":\"2\",\"level_cnt\":\"6\",\"sn\":\"HSX100JG1440002\"}],\"cmd\":\"DEVICEINFO\",\"status\":\"0\",\"substatus\":\"0\"}',1,NULL);
/*!40000 ALTER TABLE `gui_cmd_log` ENABLE KEYS */;
UNLOCK TABLES;

--
-- Table structure for table `gui_device`
--

DROP TABLE IF EXISTS `gui_device`;
/*!40101 SET @saved_cs_client     = @@character_set_client */;
/*!40101 SET character_set_client = utf8 */;
CREATE TABLE `gui_device` (
  `id` int(5) NOT NULL AUTO_INCREMENT,
  `cab_id` int(5) DEFAULT '1' COMMENT '柜子id',
  `level` smallint(2) NOT NULL,
  `zu` smallint(2) NOT NULL,
  `disk` smallint(2) NOT NULL,
  `disk_id` int(10) DEFAULT NULL,
  `loaded` tinyint(1) DEFAULT '1',
  `bridged` tinyint(1) DEFAULT '0',
  `status` tinyint(1) DEFAULT '0',
  `modify_time` varchar(300) DEFAULT NULL,
  `time` varchar(30) DEFAULT NULL COMMENT 'string time',
  `path` varchar(500) DEFAULT NULL COMMENT '桥接之后的路径，bridge为1时有效',
  `is_slave` tinyint(1) DEFAULT '0' COMMENT '是否为备份盘',
  `master_id` int(10) DEFAULT '0' COMMENT '备份盘的主盘id',
  `partition` varchar(500) DEFAULT NULL,
  `normal` tinyint(1) DEFAULT '1',
  `protected` tinyint(1) DEFAULT '1',
  `cabinet_id` int(11) DEFAULT NULL,
  `md5_status` smallint(6) DEFAULT NULL COMMENT 'MD5自检状态：-1表示等待，0表示进行中，1表示完成，2表示取消',
  `sn_status` smallint(6) DEFAULT NULL,
  `md5_cmd_id` int(10) DEFAULT '0',
  `sn_cmd_id` int(10) DEFAULT '0',
  `md5_skipped` tinyint(1) DEFAULT '0',
  `busy` tinyint(1) DEFAULT '0',
  `busy_cmd_id` int(10) DEFAULT '0',
  PRIMARY KEY (`id`)
) ENGINE=InnoDB AUTO_INCREMENT=64 DEFAULT CHARSET=utf8 COMMENT='the storage closet';
/*!40101 SET character_set_client = @saved_cs_client */;

--
-- Dumping data for table `gui_device`
--

LOCK TABLES `gui_device` WRITE;
/*!40000 ALTER TABLE `gui_device` DISABLE KEYS */;
INSERT INTO `gui_device` VALUES (1,1,1,1,1,28,1,0,0,NULL,'1468915006','',0,0,NULL,1,1,1,NULL,NULL,0,0,0,1,76),(2,1,1,2,1,30,1,0,0,NULL,'1468915006','',0,0,NULL,1,1,1,NULL,NULL,0,0,0,1,78),(3,1,1,3,1,32,1,0,0,NULL,'1468915007','',0,0,NULL,1,1,1,NULL,NULL,0,0,0,1,80),(4,1,1,4,1,39,1,0,0,NULL,'1468915007','',0,0,NULL,1,1,1,NULL,NULL,0,0,0,1,92),(5,1,1,5,1,60,1,0,0,NULL,'1468915007','',0,0,NULL,1,1,1,NULL,NULL,0,0,0,1,128),(6,1,1,6,1,29,1,0,0,NULL,'1468915007','',0,0,NULL,1,1,1,NULL,NULL,0,0,0,1,77),(7,1,2,1,1,62,1,0,0,NULL,'1468915007','',0,0,NULL,1,1,1,NULL,NULL,0,0,0,1,129),(8,1,2,2,1,36,1,0,0,NULL,'1468915007','',0,0,NULL,1,1,1,NULL,NULL,0,0,0,1,82),(9,1,2,3,1,40,1,0,0,NULL,'1468915007','',0,0,NULL,1,1,1,NULL,NULL,0,0,0,1,99),(10,1,2,4,1,34,1,0,0,NULL,'1468915007','',0,0,NULL,1,1,1,NULL,NULL,0,0,0,1,84),(11,1,2,5,1,61,1,0,0,NULL,'1468915007','',0,0,NULL,1,1,1,NULL,NULL,0,0,0,1,130),(12,1,2,6,1,31,1,0,0,NULL,'1468915007','',0,0,NULL,1,1,1,NULL,NULL,0,0,0,1,79),(13,1,3,1,1,55,1,0,0,NULL,'1468915007','',0,0,NULL,1,1,1,NULL,NULL,0,0,0,1,133),(14,1,3,2,1,37,1,0,0,NULL,'1468915007','',0,0,NULL,1,1,1,NULL,NULL,0,0,0,1,85),(15,1,3,3,1,38,1,0,0,NULL,'1468915007','',0,0,NULL,1,1,1,NULL,NULL,0,0,0,1,90),(16,1,3,4,1,33,1,0,0,NULL,'1468915007','',0,0,NULL,1,1,1,NULL,NULL,0,0,0,1,81),(17,1,3,5,1,35,1,0,0,NULL,'1468915007','',0,0,NULL,1,1,1,NULL,NULL,0,0,0,1,83),(18,1,3,6,1,57,1,0,0,NULL,'1468915007','',0,0,NULL,1,1,1,NULL,NULL,0,0,0,1,134),(19,1,4,1,1,46,1,0,0,NULL,'1468915007','',0,0,NULL,1,1,1,NULL,NULL,0,0,0,1,110),(20,1,4,1,2,NULL,1,0,0,NULL,'1468915007','',0,0,NULL,1,1,1,NULL,NULL,0,0,0,1,110),(21,1,4,2,1,56,1,0,0,NULL,'1468915007','',0,0,NULL,1,1,1,NULL,NULL,0,0,0,1,121),(22,1,4,3,1,41,1,0,0,NULL,'1468915008','',0,0,NULL,1,1,1,NULL,NULL,0,0,0,1,101),(23,1,4,4,1,58,1,0,0,NULL,'1468915008','',0,0,NULL,1,1,1,NULL,NULL,0,0,0,1,122),(24,1,4,5,1,51,1,0,0,NULL,'1468915008','',0,0,NULL,1,1,1,NULL,NULL,0,0,0,1,116),(25,1,5,1,1,53,1,0,0,NULL,'1468915008','',0,0,NULL,1,1,1,NULL,NULL,0,0,0,1,118),(26,1,5,2,1,59,1,0,0,NULL,'1468915008','',0,0,NULL,1,1,1,NULL,NULL,0,0,0,1,123),(27,1,5,3,1,42,1,0,0,NULL,'1468915008','',0,0,NULL,1,1,1,NULL,NULL,0,0,0,1,104),(28,1,5,4,1,49,1,0,0,NULL,'1468915008','',0,0,NULL,1,1,1,NULL,NULL,0,0,0,1,114),(29,1,5,5,1,43,1,0,0,NULL,'1468915008','',0,0,NULL,1,1,1,NULL,NULL,0,0,0,1,108),(30,1,5,6,1,44,1,0,0,NULL,'1468915008','',0,0,NULL,1,1,1,NULL,NULL,0,0,0,1,109),(31,1,6,1,1,47,1,0,0,NULL,'1468915008','',0,0,NULL,1,1,1,NULL,NULL,0,0,0,1,112),(32,1,6,2,1,54,1,0,0,NULL,'1468915008','',0,0,NULL,1,1,1,NULL,NULL,0,0,0,1,120),(33,1,6,3,1,45,1,0,0,NULL,'1468915008','',0,0,NULL,1,1,1,NULL,NULL,0,0,0,1,111),(34,1,6,4,1,50,1,0,0,NULL,'1468915008','',0,0,NULL,1,1,1,NULL,NULL,0,0,0,1,115),(35,1,6,5,1,48,1,0,0,NULL,'1468915008','',0,0,NULL,1,1,1,NULL,NULL,0,0,0,1,113),(36,1,6,6,1,52,1,0,0,NULL,'1468915008','',0,0,NULL,1,1,1,NULL,NULL,0,0,0,1,117),(37,2,1,1,1,3,1,0,0,NULL,'1468915022','',0,0,NULL,1,1,2,NULL,NULL,0,0,0,1,15),(38,2,1,2,1,6,1,0,0,NULL,'1468915022','',0,0,NULL,1,1,2,NULL,NULL,0,0,0,1,19),(39,2,1,3,1,4,1,0,0,NULL,'1468915022','',0,0,NULL,1,1,2,NULL,NULL,0,0,0,1,17),(40,2,1,4,1,1,1,0,0,NULL,'1468915022','',0,0,NULL,1,1,2,NULL,NULL,0,0,0,1,14),(41,2,1,5,1,2,1,0,0,NULL,'1468915022','',0,0,NULL,1,1,2,NULL,NULL,0,0,0,1,136),(42,2,1,6,1,5,1,0,0,NULL,'1468915022','',0,0,NULL,1,1,2,NULL,NULL,0,0,0,1,18),(43,2,2,1,1,7,1,0,0,NULL,'1468915022','',0,0,NULL,1,1,2,NULL,NULL,0,0,0,1,20),(44,2,2,2,1,8,1,0,0,NULL,'1468915022','',0,0,NULL,1,1,2,NULL,NULL,0,0,0,1,21),(45,2,2,5,1,9,1,0,0,NULL,'1468915022','',0,0,NULL,1,1,2,NULL,NULL,0,0,0,1,22),(46,2,2,6,1,10,1,0,0,NULL,'1468915022','',0,0,NULL,1,1,2,NULL,NULL,0,0,0,1,23),(47,2,3,1,1,11,1,0,0,NULL,'1468915022','',0,0,NULL,1,1,2,NULL,NULL,0,0,0,1,30),(48,2,3,2,1,12,1,0,0,NULL,'1468915022','',0,0,NULL,1,1,2,NULL,NULL,0,0,0,1,31),(49,2,3,3,1,13,1,0,0,NULL,'1468915023','',0,0,NULL,1,1,2,NULL,NULL,0,0,0,1,32),(50,2,3,4,1,14,1,0,0,NULL,'1468915023','',0,0,NULL,1,1,2,NULL,NULL,0,0,0,1,33),(51,2,3,5,1,15,1,0,0,NULL,'1468915023','',0,0,NULL,1,1,2,NULL,NULL,0,0,0,1,34),(52,2,3,6,1,16,1,0,0,NULL,'1468915023','',0,0,NULL,1,1,2,NULL,NULL,0,0,0,1,35),(53,2,4,1,1,18,1,0,0,NULL,'1468915023','',0,0,NULL,1,1,2,NULL,NULL,0,0,0,1,47),(54,2,4,2,1,17,1,0,0,NULL,'1468915023','',0,0,NULL,1,1,2,NULL,NULL,0,0,0,1,48),(55,2,4,3,1,20,1,0,0,NULL,'1468915023','',0,0,NULL,1,1,2,NULL,NULL,0,0,0,1,50),(56,2,4,4,1,24,1,0,0,NULL,'1468915023','',0,0,NULL,1,1,2,NULL,NULL,0,0,0,1,54),(57,2,4,5,1,19,1,0,0,NULL,'1468915023','',0,0,NULL,1,1,2,NULL,NULL,0,0,0,1,49),(58,2,4,6,1,25,1,0,0,NULL,'1468915023','',0,0,NULL,1,1,2,NULL,NULL,0,0,0,1,55),(59,2,5,1,1,27,1,0,0,NULL,'1468915023','',0,0,NULL,1,1,2,NULL,NULL,0,0,0,1,57),(60,2,5,4,1,21,1,0,0,NULL,'1468915023','',0,0,NULL,1,1,2,NULL,NULL,0,0,0,1,51),(61,2,5,5,1,26,1,0,0,NULL,'1468915023','',0,0,NULL,1,1,2,NULL,NULL,0,0,0,1,56),(62,2,5,6,1,22,1,0,0,NULL,'1468915023','',0,0,NULL,1,1,2,NULL,NULL,0,0,0,1,52),(63,2,6,1,1,23,1,0,0,NULL,'1468915023','',0,0,NULL,1,1,2,NULL,NULL,0,0,0,1,53);
/*!40000 ALTER TABLE `gui_device` ENABLE KEYS */;
UNLOCK TABLES;

--
-- Table structure for table `gui_disk`
--

DROP TABLE IF EXISTS `gui_disk`;
/*!40101 SET @saved_cs_client     = @@character_set_client */;
/*!40101 SET character_set_client = utf8 */;
CREATE TABLE `gui_disk` (
  `id` int(10) NOT NULL AUTO_INCREMENT,
  `sn` varchar(20) DEFAULT NULL,
  `md5` varchar(500) DEFAULT NULL,
  `c5` int(10) DEFAULT NULL,
  `file_list` varchar(1000) DEFAULT NULL COMMENT '文件列表存储路径',
  `capacity` int(5) DEFAULT NULL,
  `normal` tinyint(1) DEFAULT '1',
  `md5_changed` int(11) DEFAULT NULL,
  `md5_time` varchar(500) DEFAULT NULL,
  `sn_time` varchar(500) DEFAULT NULL,
  PRIMARY KEY (`id`)
) ENGINE=InnoDB AUTO_INCREMENT=63 DEFAULT CHARSET=utf8;
/*!40101 SET character_set_client = @saved_cs_client */;

--
-- Dumping data for table `gui_disk`
--

LOCK TABLES `gui_disk` WRITE;
/*!40000 ALTER TABLE `gui_disk` DISABLE KEYS */;
INSERT INTO `gui_disk` VALUES (1,'S4Z0AGYT',NULL,NULL,NULL,1863,1,NULL,NULL,'1468910742'),(2,'PFDB30K2CPQSRB','15123736f9011abc862eae8625c0a094',NULL,NULL,76,1,0,'1468914762','1468912815'),(3,'S4Y12ZEZ',NULL,NULL,NULL,931,1,NULL,NULL,'1468910750'),(4,'S4Z0A7W5',NULL,NULL,NULL,1863,1,NULL,NULL,'1468910752'),(5,'S4Z0B7W3',NULL,NULL,NULL,1863,1,NULL,NULL,'1468910766'),(6,'W4Z09375',NULL,NULL,NULL,1863,1,NULL,NULL,'1468910792'),(7,'Z4Y24G1E',NULL,NULL,NULL,931,1,NULL,NULL,'1468910812'),(8,'S4Z0AJ8T',NULL,NULL,NULL,1863,1,NULL,NULL,'1468910813'),(9,'W4Z093N8',NULL,NULL,NULL,1863,1,NULL,NULL,'1468910818'),(10,'S4Y139Z2',NULL,NULL,NULL,931,1,NULL,NULL,'1468910823'),(11,'6SZ1YQNK','f639e4ebbaff31536ca251f0f02589f7',NULL,NULL,298,1,0,'1468914962','1468911036'),(12,'9SZ39SFY','9139917064b53ce095369762d3b92ccd',NULL,NULL,298,1,0,'1468914602','1468911038'),(13,'W4Z093KQ',NULL,NULL,NULL,1863,1,NULL,NULL,'1468911047'),(14,'S4Z0AP32',NULL,NULL,NULL,1863,1,NULL,NULL,'1468911050'),(15,'S4Z0B8JR',NULL,NULL,NULL,1863,1,NULL,NULL,'1468911060'),(16,'S4Z05WRZ',NULL,NULL,NULL,1863,1,NULL,NULL,'1468911061'),(17,'S4Z0ANYB',NULL,NULL,NULL,1863,1,NULL,NULL,'1468911171'),(18,'W4Y13CYJ',NULL,NULL,NULL,931,1,NULL,NULL,'1468911173'),(19,'S4Z0AF39',NULL,NULL,NULL,1863,1,NULL,NULL,'1468911204'),(20,'S4Y13HKL',NULL,NULL,NULL,931,1,NULL,NULL,'1468911207'),(21,'S4Z05VHF',NULL,NULL,NULL,1863,1,NULL,NULL,'1468911210'),(22,'S4Z0AJEA',NULL,NULL,NULL,1863,1,NULL,NULL,'1468911215'),(23,'S4Z09A2J',NULL,NULL,NULL,1863,1,NULL,NULL,'1468911223'),(24,'5SZ0QZW7','aa9c61ff061b87ad2dbd2a99629a34ee',NULL,NULL,298,1,0,'1468914842','1468911304'),(25,'S4Y12P1L',NULL,NULL,NULL,931,1,NULL,NULL,'1468911346'),(26,'S4Z0AGQN',NULL,NULL,NULL,1863,1,NULL,NULL,'1468911365'),(27,'S4Z0AFXB',NULL,NULL,NULL,1863,1,NULL,NULL,'1468911374'),(28,'S4Z0AC4H',NULL,NULL,NULL,1863,1,NULL,NULL,'1468911495'),(29,'S4Z0AF1K',NULL,NULL,NULL,1863,1,NULL,NULL,'1468911509'),(30,'S4Z0B87X',NULL,NULL,NULL,1863,1,NULL,NULL,'1468911524'),(31,'6SZ2102Q','dee22b82ce01303cd86eb108ed34dc76',NULL,NULL,298,1,0,'1468915122','1468911531'),(32,'S4Z0B877',NULL,NULL,NULL,1863,1,NULL,NULL,'1468911554'),(33,'W4Z09412',NULL,NULL,NULL,1863,1,NULL,NULL,'1468911566'),(34,'S4Z0B8JB',NULL,NULL,NULL,1863,1,NULL,NULL,'1468911583'),(35,'Z4Y24CSE',NULL,NULL,NULL,931,1,NULL,NULL,'1468911583'),(36,'S4Z0AH22',NULL,NULL,NULL,1863,1,NULL,NULL,'1468911584'),(37,'S4Z0AGGS',NULL,NULL,NULL,1863,1,NULL,NULL,'1468911587'),(38,'S4Y15BZJ',NULL,NULL,NULL,931,1,NULL,NULL,'1468911662'),(39,'9SZ38ES0','84d54cade54cd3730a6cd1c049d9068c',NULL,NULL,298,1,0,'1468915222','1468911666'),(40,'S4Z0ANA5',NULL,NULL,NULL,1863,1,NULL,NULL,'1468911726'),(41,'Z4Y24GZC',NULL,NULL,NULL,931,1,NULL,NULL,'1468911757'),(42,'S4Z0AEE6',NULL,NULL,NULL,1863,1,NULL,NULL,'1468911773'),(43,'W4Z093MB',NULL,NULL,NULL,1863,1,NULL,NULL,'1468911788'),(44,'S4Z0AF08',NULL,NULL,NULL,1863,1,NULL,NULL,'1468911829'),(45,'S4Y12Z6G',NULL,NULL,NULL,931,1,NULL,NULL,'1468911853'),(46,'S4Z08XXE',NULL,NULL,NULL,1863,1,NULL,NULL,'1468911855'),(47,'S4Z0AGHM',NULL,NULL,NULL,1863,1,NULL,NULL,'1468911858'),(48,'S4Y15C63',NULL,NULL,NULL,931,1,NULL,NULL,'1468911866'),(49,'5SZ0S63P','d604200f54774dcf1f8fff0989a8e4e1',NULL,NULL,298,1,0,'1468915502','1468911872'),(50,'Z4Z0YRE6',NULL,NULL,NULL,1863,1,NULL,NULL,'1468911872'),(51,'Z4Y24GT1',NULL,NULL,NULL,931,1,NULL,NULL,'1468911881'),(52,'S4Y12ZG8',NULL,NULL,NULL,931,1,NULL,NULL,'1468911901'),(53,'Z3TGMC7T',NULL,NULL,NULL,465,1,NULL,NULL,'1468911996'),(54,'S4Z0AEJW',NULL,NULL,NULL,1863,1,NULL,NULL,'1468912022'),(55,'S4Z05VYE',NULL,NULL,NULL,1863,1,NULL,NULL,'1468912375'),(56,'W1D1BRX0',NULL,NULL,NULL,465,1,NULL,NULL,'1468912067'),(57,'Z4Y24B2G',NULL,NULL,NULL,931,1,NULL,NULL,'1468912374'),(58,'W4Z093MY',NULL,NULL,NULL,1863,1,NULL,NULL,'1468912074'),(59,'Z4Y24F9W',NULL,NULL,NULL,931,1,NULL,NULL,'1468912093'),(60,'S4Z0AGE3',NULL,NULL,NULL,1863,1,NULL,NULL,'1468912193'),(61,'Z4Y24G40',NULL,NULL,NULL,931,1,NULL,NULL,'1468912227'),(62,'S4Z0B8ML',NULL,NULL,NULL,1863,1,NULL,NULL,'1468912230');
/*!40000 ALTER TABLE `gui_disk` ENABLE KEYS */;
UNLOCK TABLES;

--
-- Table structure for table `gui_disk_chg_log`
--

DROP TABLE IF EXISTS `gui_disk_chg_log`;
/*!40101 SET @saved_cs_client     = @@character_set_client */;
/*!40101 SET character_set_client = utf8 */;
CREATE TABLE `gui_disk_chg_log` (
  `id` int(10) NOT NULL AUTO_INCREMENT,
  `time` varchar(30) DEFAULT NULL,
  `type` varchar(500) DEFAULT NULL,
  `is_new` tinyint(1) DEFAULT '1',
  `obj_id` int(10) NOT NULL,
  `value` varchar(500) NOT NULL,
  PRIMARY KEY (`id`)
) ENGINE=InnoDB AUTO_INCREMENT=8 DEFAULT CHARSET=utf8;
/*!40101 SET character_set_client = @saved_cs_client */;

--
-- Dumping data for table `gui_disk_chg_log`
--

LOCK TABLES `gui_disk_chg_log` WRITE;
/*!40000 ALTER TABLE `gui_disk_chg_log` DISABLE KEYS */;
INSERT INTO `gui_disk_chg_log` VALUES (1,'1468912722','md5',1,2,'15123736f9011abc862eae8625c0a094'),(2,'1468914602','md5',1,12,'9139917064b53ce095369762d3b92ccd'),(3,'1468914842','md5',1,24,'aa9c61ff061b87ad2dbd2a99629a34ee'),(4,'1468914962','md5',1,11,'f639e4ebbaff31536ca251f0f02589f7'),(5,'1468915122','md5',1,31,'dee22b82ce01303cd86eb108ed34dc76'),(6,'1468915222','md5',1,39,'84d54cade54cd3730a6cd1c049d9068c'),(7,'1468915502','md5',1,49,'d604200f54774dcf1f8fff0989a8e4e1');
/*!40000 ALTER TABLE `gui_disk_chg_log` ENABLE KEYS */;
UNLOCK TABLES;

--
-- Table structure for table `gui_disk_md5_log`
--

DROP TABLE IF EXISTS `gui_disk_md5_log`;
/*!40101 SET @saved_cs_client     = @@character_set_client */;
/*!40101 SET character_set_client = utf8 */;
CREATE TABLE `gui_disk_md5_log` (
  `id` int(11) NOT NULL AUTO_INCREMENT,
  `time` int(11) NOT NULL,
  `device_id` int(11) NOT NULL,
  `level` int(11) NOT NULL,
  `zu` int(11) NOT NULL,
  `disk` int(11) NOT NULL,
  `disk_id` int(11) NOT NULL,
  `sn` varchar(45) DEFAULT NULL,
  `status` int(11) NOT NULL COMMENT 'status: 0代表成功发出；1代表成功执行；2代表异常；',
  `md5_value` varchar(45) DEFAULT NULL COMMENT '当status为1时，md5_value记录md5值，md5_time记录成功时间\n当status为2时，md5_value记录错误号，md5_time记录失败时间',
  `md5_time` int(11) DEFAULT NULL,
  `cabinet_id` int(11) DEFAULT NULL,
  PRIMARY KEY (`id`)
) ENGINE=InnoDB AUTO_INCREMENT=3 DEFAULT CHARSET=utf8 COMMENT='忠实记录MD5命令执行过程';
/*!40101 SET character_set_client = @saved_cs_client */;

--
-- Dumping data for table `gui_disk_md5_log`
--

LOCK TABLES `gui_disk_md5_log` WRITE;
/*!40000 ALTER TABLE `gui_disk_md5_log` DISABLE KEYS */;
INSERT INTO `gui_disk_md5_log` VALUES (1,1468912903,2,1,5,1,2,'PFDB30K2CPQSRB',1,'15123736f9011abc862eae8625c0a094',1468912903,2),(2,1468914762,2,1,5,1,2,'PFDB30K2CPQSRB',1,'15123736f9011abc862eae8625c0a094',1468914762,2);
/*!40000 ALTER TABLE `gui_disk_md5_log` ENABLE KEYS */;
UNLOCK TABLES;

--
-- Table structure for table `gui_disk_smart`
--

DROP TABLE IF EXISTS `gui_disk_smart`;
/*!40101 SET @saved_cs_client     = @@character_set_client */;
/*!40101 SET character_set_client = utf8 */;
CREATE TABLE `gui_disk_smart` (
  `id` int(20) NOT NULL AUTO_INCREMENT,
  `disk_id` int(10) DEFAULT NULL,
  `attrname` varchar(5) DEFAULT NULL,
  `explanation` varchar(20) DEFAULT NULL,
  `value` varchar(20) DEFAULT NULL,
  `dat` varchar(500) DEFAULT NULL,
  `ex_dat` varchar(500) DEFAULT NULL,
  `flag` varchar(50) DEFAULT NULL,
  `thd` varchar(50) DEFAULT NULL,
  `val` varchar(50) DEFAULT NULL,
  `w_val` varchar(50) DEFAULT NULL,
  `normal` tinyint(1) DEFAULT '1',
  PRIMARY KEY (`id`)
) ENGINE=InnoDB AUTO_INCREMENT=187 DEFAULT CHARSET=utf8 COMMENT='smart value';
/*!40101 SET character_set_client = @saved_cs_client */;

--
-- Dumping data for table `gui_disk_smart`
--

LOCK TABLES `gui_disk_smart` WRITE;
/*!40000 ALTER TABLE `gui_disk_smart` DISABLE KEYS */;
INSERT INTO `gui_disk_smart` VALUES (1,1,'05',NULL,NULL,'00000000','0000','0033','0A','64','64',1),(2,1,'C5',NULL,NULL,'00000000','0000','0012','00','64','64',1),(3,1,'C6',NULL,NULL,'00000000','0000','0010','00','64','64',1),(4,2,'05',NULL,NULL,'00000000','0000','0033','05','64','64',1),(5,2,'C5',NULL,NULL,'00000000','0000','0022','00','64','64',1),(6,2,'C6',NULL,NULL,'00000000','0000','0008','00','64','64',1),(7,3,'05',NULL,NULL,'00000000','0000','0033','0A','64','64',1),(8,3,'C5',NULL,NULL,'00000000','0000','0012','00','64','64',1),(9,3,'C6',NULL,NULL,'00000000','0000','0010','00','64','64',1),(10,4,'05',NULL,NULL,'00000000','0000','0033','0A','64','64',1),(11,4,'C5',NULL,NULL,'00000000','0000','0012','00','64','64',1),(12,4,'C6',NULL,NULL,'00000000','0000','0010','00','64','64',1),(13,5,'05',NULL,NULL,'00000000','0000','0033','0A','64','64',1),(14,5,'C5',NULL,NULL,'00000000','0000','0012','00','64','64',1),(15,5,'C6',NULL,NULL,'00000000','0000','0010','00','64','64',1),(16,6,'05',NULL,NULL,'00000000','0000','0033','0A','64','64',1),(17,6,'C5',NULL,NULL,'00000000','0000','0012','00','64','64',1),(18,6,'C6',NULL,NULL,'00000000','0000','0010','00','64','64',1),(19,7,'05',NULL,NULL,'00000000','0000','0033','0A','64','64',1),(20,7,'C5',NULL,NULL,'00000000','0000','0012','00','64','64',1),(21,7,'C6',NULL,NULL,'00000000','0000','0010','00','64','64',1),(22,8,'05',NULL,NULL,'00000000','0000','0033','0A','64','64',1),(23,8,'C5',NULL,NULL,'00000000','0000','0012','00','64','64',1),(24,8,'C6',NULL,NULL,'00000000','0000','0010','00','64','64',1),(25,9,'05',NULL,NULL,'00000000','0000','0033','0A','64','64',1),(26,9,'C5',NULL,NULL,'00000000','0000','0012','00','64','64',1),(27,9,'C6',NULL,NULL,'00000000','0000','0010','00','64','64',1),(28,10,'05',NULL,NULL,'00000000','0000','0033','0A','64','64',1),(29,10,'C5',NULL,NULL,'00000000','0000','0012','00','64','64',1),(30,10,'C6',NULL,NULL,'00000000','0000','0010','00','64','64',1),(31,11,'05',NULL,NULL,'00000000','0400','0033','24','64','64',1),(32,11,'C5',NULL,NULL,'00000000','0000','0012','00','64','64',1),(33,11,'C6',NULL,NULL,'00000000','0000','0010','00','64','64',1),(34,12,'05',NULL,NULL,'00000000','0000','0033','24','64','64',1),(35,12,'C5',NULL,NULL,'00000000','0000','0012','00','64','64',1),(36,12,'C6',NULL,NULL,'00000000','0000','0010','00','64','64',1),(37,13,'05',NULL,NULL,'00000000','0000','0033','0A','64','64',1),(38,13,'C5',NULL,NULL,'00000000','0000','0012','00','64','64',1),(39,13,'C6',NULL,NULL,'00000000','0000','0010','00','64','64',1),(40,14,'05',NULL,NULL,'00000000','0000','0033','0A','64','64',1),(41,14,'C5',NULL,NULL,'00000000','0000','0012','00','64','64',1),(42,14,'C6',NULL,NULL,'00000000','0000','0010','00','64','64',1),(43,15,'05',NULL,NULL,'00000000','0000','0033','0A','64','64',1),(44,15,'C5',NULL,NULL,'00000000','0000','0012','00','64','64',1),(45,15,'C6',NULL,NULL,'00000000','0000','0010','00','64','64',1),(46,16,'05',NULL,NULL,'00000000','0000','0033','0A','64','64',1),(47,16,'C5',NULL,NULL,'00000000','0000','0012','00','64','64',1),(48,16,'C6',NULL,NULL,'00000000','0000','0010','00','64','64',1),(49,17,'05',NULL,NULL,'00000000','0000','0033','0A','64','64',1),(50,17,'C5',NULL,NULL,'00000000','0000','0012','00','64','64',1),(51,17,'C6',NULL,NULL,'00000000','0000','0010','00','64','64',1),(52,18,'05',NULL,NULL,'00000000','0000','0033','0A','64','64',1),(53,18,'C5',NULL,NULL,'00000000','0000','0012','00','64','64',1),(54,18,'C6',NULL,NULL,'00000000','0000','0010','00','64','64',1),(55,19,'05',NULL,NULL,'00000000','0000','0033','0A','64','64',1),(56,19,'C5',NULL,NULL,'00000000','0000','0012','00','64','64',1),(57,19,'C6',NULL,NULL,'00000000','0000','0010','00','64','64',1),(58,20,'05',NULL,NULL,'00000000','0000','0033','0A','64','64',1),(59,20,'C5',NULL,NULL,'00000000','0000','0012','00','64','64',1),(60,20,'C6',NULL,NULL,'00000000','0000','0010','00','64','64',1),(61,21,'05',NULL,NULL,'00000000','0000','0033','0A','64','64',1),(62,21,'C5',NULL,NULL,'00000000','0000','0012','00','64','64',1),(63,21,'C6',NULL,NULL,'00000000','0000','0010','00','64','64',1),(64,22,'05',NULL,NULL,'00000000','0000','0033','0A','64','64',1),(65,22,'C5',NULL,NULL,'00000000','0000','0012','00','64','64',1),(66,22,'C6',NULL,NULL,'00000000','0000','0010','00','64','64',1),(67,23,'05',NULL,NULL,'00000000','0000','0033','0A','64','64',1),(68,23,'C5',NULL,NULL,'00000000','0000','0012','00','64','64',1),(69,23,'C6',NULL,NULL,'00000000','0000','0010','00','64','64',1),(70,24,'05',NULL,NULL,'00000000','0300','0033','24','64','64',1),(71,24,'C5',NULL,NULL,'00000000','0000','0012','00','64','64',1),(72,24,'C6',NULL,NULL,'00000000','0000','0010','00','64','64',1),(73,25,'05',NULL,NULL,'00000000','0000','0033','0A','64','64',1),(74,25,'C5',NULL,NULL,'00000000','0000','0012','00','64','64',1),(75,25,'C6',NULL,NULL,'00000000','0000','0010','00','64','64',1),(76,26,'05',NULL,NULL,'00000000','0000','0033','0A','64','64',1),(77,26,'C5',NULL,NULL,'00000000','0000','0012','00','64','64',1),(78,26,'C6',NULL,NULL,'00000000','0000','0010','00','64','64',1),(79,27,'05',NULL,NULL,'00000000','0000','0033','0A','64','64',1),(80,27,'C5',NULL,NULL,'00000000','0000','0012','00','64','64',1),(81,27,'C6',NULL,NULL,'00000000','0000','0010','00','64','64',1),(82,28,'05',NULL,NULL,'00000000','0000','0033','0A','64','64',1),(83,28,'C5',NULL,NULL,'00000000','0000','0012','00','64','64',1),(84,28,'C6',NULL,NULL,'00000000','0000','0010','00','64','64',1),(85,29,'05',NULL,NULL,'00000000','0000','0033','0A','64','64',1),(86,29,'C5',NULL,NULL,'00000000','0000','0012','00','64','64',1),(87,29,'C6',NULL,NULL,'00000000','0000','0010','00','64','64',1),(88,30,'05',NULL,NULL,'00000000','0000','0033','0A','64','64',1),(89,30,'C5',NULL,NULL,'00000000','0000','0012','00','64','64',1),(90,30,'C6',NULL,NULL,'00000000','0000','0010','00','64','64',1),(91,31,'05',NULL,NULL,'00000000','0000','0033','24','64','64',1),(92,31,'C5',NULL,NULL,'00000000','0000','0012','00','64','64',1),(93,31,'C6',NULL,NULL,'00000000','0000','0010','00','64','64',1),(94,32,'05',NULL,NULL,'00000000','0000','0033','0A','64','64',1),(95,32,'C5',NULL,NULL,'00000000','0000','0012','00','64','64',1),(96,32,'C6',NULL,NULL,'00000000','0000','0010','00','64','64',1),(97,33,'05',NULL,NULL,'00000000','0000','0033','0A','64','64',1),(98,33,'C5',NULL,NULL,'00000000','0000','0012','00','64','64',1),(99,33,'C6',NULL,NULL,'00000000','0000','0010','00','64','64',1),(100,34,'05',NULL,NULL,'00000000','0000','0033','0A','64','64',1),(101,34,'C5',NULL,NULL,'00000000','0000','0012','00','64','64',1),(102,34,'C6',NULL,NULL,'00000000','0000','0010','00','64','64',1),(103,35,'05',NULL,NULL,'00000000','0000','0033','0A','64','64',1),(104,35,'C5',NULL,NULL,'00000000','0000','0012','00','64','64',1),(105,35,'C6',NULL,NULL,'00000000','0000','0010','00','64','64',1),(106,36,'05',NULL,NULL,'00000000','0000','0033','0A','64','64',1),(107,36,'C5',NULL,NULL,'00000000','0000','0012','00','64','64',1),(108,36,'C6',NULL,NULL,'00000000','0000','0010','00','64','64',1),(109,37,'05',NULL,NULL,'00000000','0000','0033','0A','64','64',1),(110,37,'C5',NULL,NULL,'00000000','0000','0012','00','64','64',1),(111,37,'C6',NULL,NULL,'00000000','0000','0010','00','64','64',1),(112,38,'05',NULL,NULL,'00000000','0000','0033','0A','64','64',1),(113,38,'C5',NULL,NULL,'00000000','0000','0012','00','64','64',1),(114,38,'C6',NULL,NULL,'00000000','0000','0010','00','64','64',1),(115,39,'05',NULL,NULL,'00000000','0400','0033','24','64','64',1),(116,39,'C5',NULL,NULL,'00000000','0000','0012','00','64','64',1),(117,39,'C6',NULL,NULL,'00000000','0000','0010','00','64','64',1),(118,40,'05',NULL,NULL,'00000000','0000','0033','0A','64','64',1),(119,40,'C5',NULL,NULL,'00000000','0000','0012','00','64','64',1),(120,40,'C6',NULL,NULL,'00000000','0000','0010','00','64','64',1),(121,41,'05',NULL,NULL,'00000000','0000','0033','0A','64','64',1),(122,41,'C5',NULL,NULL,'00000000','0000','0012','00','64','64',1),(123,41,'C6',NULL,NULL,'00000000','0000','0010','00','64','64',1),(124,42,'05',NULL,NULL,'00000000','0000','0033','0A','64','64',1),(125,42,'C5',NULL,NULL,'00000000','0000','0012','00','64','64',1),(126,42,'C6',NULL,NULL,'00000000','0000','0010','00','64','64',1),(127,43,'05',NULL,NULL,'00000000','0000','0033','0A','64','64',1),(128,43,'C5',NULL,NULL,'00000000','0000','0012','00','64','64',1),(129,43,'C6',NULL,NULL,'00000000','0000','0010','00','64','64',1),(130,44,'05',NULL,NULL,'00000000','0000','0033','0A','64','64',1),(131,44,'C5',NULL,NULL,'00000000','0000','0012','00','64','64',1),(132,44,'C6',NULL,NULL,'00000000','0000','0010','00','64','64',1),(133,45,'05',NULL,NULL,'00000000','0000','0033','0A','64','64',1),(134,45,'C5',NULL,NULL,'00000000','0000','0012','00','64','64',1),(135,45,'C6',NULL,NULL,'00000000','0000','0010','00','64','64',1),(136,46,'05',NULL,NULL,'00000000','0000','0033','0A','64','64',1),(137,46,'C5',NULL,NULL,'00000000','0000','0012','00','64','64',1),(138,46,'C6',NULL,NULL,'00000000','0000','0010','00','64','64',1),(139,47,'05',NULL,NULL,'00000000','0000','0033','0A','64','64',1),(140,47,'C5',NULL,NULL,'00000000','0000','0012','00','64','64',1),(141,47,'C6',NULL,NULL,'00000000','0000','0010','00','64','64',1),(142,48,'05',NULL,NULL,'00000000','0000','0033','0A','64','64',1),(143,48,'C5',NULL,NULL,'00000000','0000','0012','00','64','64',1),(144,48,'C6',NULL,NULL,'00000000','0000','0010','00','64','64',1),(145,49,'05',NULL,NULL,'00000000','0000','0033','24','64','64',1),(146,49,'C5',NULL,NULL,'00000000','0000','0012','00','64','64',1),(147,49,'C6',NULL,NULL,'00000000','0000','0010','00','64','64',1),(148,50,'05',NULL,NULL,'00000000','0000','0033','0A','64','64',1),(149,50,'C5',NULL,NULL,'00000000','0000','0012','00','64','64',1),(150,50,'C6',NULL,NULL,'00000000','0000','0010','00','64','64',1),(151,51,'05',NULL,NULL,'00000000','0000','0033','0A','64','64',1),(152,51,'C5',NULL,NULL,'00000000','0000','0012','00','64','64',1),(153,51,'C6',NULL,NULL,'00000000','0000','0010','00','64','64',1),(154,52,'05',NULL,NULL,'00000000','0000','0033','0A','64','64',1),(155,52,'C5',NULL,NULL,'00000000','0000','0012','00','64','64',1),(156,52,'C6',NULL,NULL,'00000000','0000','0010','00','64','64',1),(157,53,'05',NULL,NULL,'00000000','0000','0033','24','64','64',1),(158,53,'C5',NULL,NULL,'00000000','0000','0012','00','64','64',1),(159,53,'C6',NULL,NULL,'00000000','0000','0010','00','64','64',1),(160,54,'05',NULL,NULL,'00000000','0000','0033','0A','64','64',1),(161,54,'C5',NULL,NULL,'00000000','0000','0012','00','64','64',1),(162,54,'C6',NULL,NULL,'00000000','0000','0010','00','64','64',1),(163,55,'05',NULL,NULL,'00000000','0000','0033','0A','64','64',1),(164,55,'C5',NULL,NULL,'00000000','0000','0012','00','64','64',1),(165,55,'C6',NULL,NULL,'00000000','0000','0010','00','64','64',1),(166,56,'05',NULL,NULL,'00000000','0000','0033','24','64','64',1),(167,56,'C5',NULL,NULL,'00000000','0000','0012','00','64','64',1),(168,56,'C6',NULL,NULL,'00000000','0000','0010','00','64','64',1),(169,57,'05',NULL,NULL,'00000000','0000','0033','0A','64','64',1),(170,57,'C5',NULL,NULL,'00000000','0000','0012','00','64','64',1),(171,57,'C6',NULL,NULL,'00000000','0000','0010','00','64','64',1),(172,58,'05',NULL,NULL,'00000000','0000','0033','0A','64','64',1),(173,58,'C5',NULL,NULL,'00000000','0000','0012','00','64','64',1),(174,58,'C6',NULL,NULL,'00000000','0000','0010','00','64','64',1),(175,59,'05',NULL,NULL,'00000000','0000','0033','0A','64','64',1),(176,59,'C5',NULL,NULL,'00000000','0000','0012','00','64','64',1),(177,59,'C6',NULL,NULL,'00000000','0000','0010','00','64','64',1),(178,60,'05',NULL,NULL,'00000000','0000','0033','0A','64','64',1),(179,60,'C5',NULL,NULL,'00000000','0000','0012','00','64','64',1),(180,60,'C6',NULL,NULL,'00000000','0000','0010','00','64','64',1),(181,61,'05',NULL,NULL,'00000000','0000','0033','0A','64','64',1),(182,61,'C5',NULL,NULL,'00000000','0000','0012','00','64','64',1),(183,61,'C6',NULL,NULL,'00000000','0000','0010','00','64','64',1),(184,62,'05',NULL,NULL,'00000000','0000','0033','0A','64','64',1),(185,62,'C5',NULL,NULL,'00000000','0000','0012','00','64','64',1),(186,62,'C6',NULL,NULL,'00000000','0000','0010','00','64','64',1);
/*!40000 ALTER TABLE `gui_disk_smart` ENABLE KEYS */;
UNLOCK TABLES;

--
-- Table structure for table `gui_disk_smart_log`
--

DROP TABLE IF EXISTS `gui_disk_smart_log`;
/*!40101 SET @saved_cs_client     = @@character_set_client */;
/*!40101 SET character_set_client = utf8 */;
CREATE TABLE `gui_disk_smart_log` (
  `id` int(11) NOT NULL AUTO_INCREMENT,
  `time` int(11) NOT NULL COMMENT '命令成功发出时间',
  `device_id` int(11) NOT NULL,
  `level` int(11) NOT NULL COMMENT '层',
  `zu` int(11) NOT NULL COMMENT '组',
  `disk` int(11) NOT NULL COMMENT '盘位',
  `disk_id` int(11) NOT NULL,
  `sn` varchar(45) DEFAULT NULL,
  `capacity` int(11) DEFAULT NULL,
  `smart` varchar(300) DEFAULT NULL COMMENT 'smart解析值',
  `status` int(11) NOT NULL COMMENT '0代表发出成功；1代表执行成功；2代表异常',
  `status_comment` varchar(45) DEFAULT NULL COMMENT '当status为2时，status_comment中记录错误号',
  `disk_status` int(11) DEFAULT NULL,
  `cabinet_id` int(11) DEFAULT NULL,
  PRIMARY KEY (`id`)
) ENGINE=InnoDB AUTO_INCREMENT=69 DEFAULT CHARSET=utf8 COMMENT='忠实记录DISKINFO执行过程';
/*!40101 SET character_set_client = @saved_cs_client */;

--
-- Dumping data for table `gui_disk_smart_log`
--

LOCK TABLES `gui_disk_smart_log` WRITE;
/*!40000 ALTER TABLE `gui_disk_smart_log` DISABLE KEYS */;
INSERT INTO `gui_disk_smart_log` VALUES (1,1468910742,2,1,4,1,0,'S4Z0AGYT',1863,'[{\"dat\":\"00000000\",\"ex_dat\":\"0000\",\"flag\":\"0033\",\"id\":\"05\",\"thd\":\"0A\",\"val\":\"64\",\"w_val\":\"64\"},{\"dat\":\"00000000\",\"ex_dat\":\"0000\",\"flag\":\"0012\",\"id\":\"C5\",\"thd\":\"00\",\"val\":\"64\",\"w_val\":\"64\"},{\"dat\":\"00000000\",\"ex_dat\":\"0000\",\"flag\":\"0010\",\"id\":\"C6\",\"thd\":\"00\",\"val\":\"64\",\"w_val\":\"64\"}]',1,'',0,2),(2,1468910749,2,1,5,1,0,'PFDB30K2CPQSRB',76,'[{\"dat\":\"00000000\",\"ex_dat\":\"0000\",\"flag\":\"0033\",\"id\":\"05\",\"thd\":\"05\",\"val\":\"64\",\"w_val\":\"64\"},{\"dat\":\"00000000\",\"ex_dat\":\"0000\",\"flag\":\"0022\",\"id\":\"C5\",\"thd\":\"00\",\"val\":\"64\",\"w_val\":\"64\"},{\"dat\":\"00000000\",\"ex_dat\":\"0000\",\"flag\":\"0008\",\"id\":\"C6\",\"thd\":\"00\",\"val\":\"64\",\"w_val\":\"64\"}]',1,'',0,2),(3,1468910750,2,1,1,1,0,'S4Y12ZEZ',931,'[{\"dat\":\"00000000\",\"ex_dat\":\"0000\",\"flag\":\"0033\",\"id\":\"05\",\"thd\":\"0A\",\"val\":\"64\",\"w_val\":\"64\"},{\"dat\":\"00000000\",\"ex_dat\":\"0000\",\"flag\":\"0012\",\"id\":\"C5\",\"thd\":\"00\",\"val\":\"64\",\"w_val\":\"64\"},{\"dat\":\"00000000\",\"ex_dat\":\"0000\",\"flag\":\"0010\",\"id\":\"C6\",\"thd\":\"00\",\"val\":\"64\",\"w_val\":\"64\"}]',1,'',0,2),(4,1468910752,2,1,3,1,0,'S4Z0A7W5',1863,'[{\"dat\":\"00000000\",\"ex_dat\":\"0000\",\"flag\":\"0033\",\"id\":\"05\",\"thd\":\"0A\",\"val\":\"64\",\"w_val\":\"64\"},{\"dat\":\"00000000\",\"ex_dat\":\"0000\",\"flag\":\"0012\",\"id\":\"C5\",\"thd\":\"00\",\"val\":\"64\",\"w_val\":\"64\"},{\"dat\":\"00000000\",\"ex_dat\":\"0000\",\"flag\":\"0010\",\"id\":\"C6\",\"thd\":\"00\",\"val\":\"64\",\"w_val\":\"64\"}]',1,'',0,2),(5,1468910766,2,1,6,1,0,'S4Z0B7W3',1863,'[{\"dat\":\"00000000\",\"ex_dat\":\"0000\",\"flag\":\"0033\",\"id\":\"05\",\"thd\":\"0A\",\"val\":\"64\",\"w_val\":\"64\"},{\"dat\":\"00000000\",\"ex_dat\":\"0000\",\"flag\":\"0012\",\"id\":\"C5\",\"thd\":\"00\",\"val\":\"64\",\"w_val\":\"64\"},{\"dat\":\"00000000\",\"ex_dat\":\"0000\",\"flag\":\"0010\",\"id\":\"C6\",\"thd\":\"00\",\"val\":\"64\",\"w_val\":\"64\"}]',1,'',0,2),(6,1468910792,2,1,2,1,0,'W4Z09375',1863,'[{\"dat\":\"00000000\",\"ex_dat\":\"0000\",\"flag\":\"0033\",\"id\":\"05\",\"thd\":\"0A\",\"val\":\"64\",\"w_val\":\"64\"},{\"dat\":\"00000000\",\"ex_dat\":\"0000\",\"flag\":\"0012\",\"id\":\"C5\",\"thd\":\"00\",\"val\":\"64\",\"w_val\":\"64\"},{\"dat\":\"00000000\",\"ex_dat\":\"0000\",\"flag\":\"0010\",\"id\":\"C6\",\"thd\":\"00\",\"val\":\"64\",\"w_val\":\"64\"}]',1,'',0,2),(7,1468910812,2,2,1,1,0,'Z4Y24G1E',931,'[{\"dat\":\"00000000\",\"ex_dat\":\"0000\",\"flag\":\"0033\",\"id\":\"05\",\"thd\":\"0A\",\"val\":\"64\",\"w_val\":\"64\"},{\"dat\":\"00000000\",\"ex_dat\":\"0000\",\"flag\":\"0012\",\"id\":\"C5\",\"thd\":\"00\",\"val\":\"64\",\"w_val\":\"64\"},{\"dat\":\"00000000\",\"ex_dat\":\"0000\",\"flag\":\"0010\",\"id\":\"C6\",\"thd\":\"00\",\"val\":\"64\",\"w_val\":\"64\"}]',1,'',0,2),(8,1468910813,2,2,2,1,0,'S4Z0AJ8T',1863,'[{\"dat\":\"00000000\",\"ex_dat\":\"0000\",\"flag\":\"0033\",\"id\":\"05\",\"thd\":\"0A\",\"val\":\"64\",\"w_val\":\"64\"},{\"dat\":\"00000000\",\"ex_dat\":\"0000\",\"flag\":\"0012\",\"id\":\"C5\",\"thd\":\"00\",\"val\":\"64\",\"w_val\":\"64\"},{\"dat\":\"00000000\",\"ex_dat\":\"0000\",\"flag\":\"0010\",\"id\":\"C6\",\"thd\":\"00\",\"val\":\"64\",\"w_val\":\"64\"}]',1,'',0,2),(9,1468910818,2,2,5,1,0,'W4Z093N8',1863,'[{\"dat\":\"00000000\",\"ex_dat\":\"0000\",\"flag\":\"0033\",\"id\":\"05\",\"thd\":\"0A\",\"val\":\"64\",\"w_val\":\"64\"},{\"dat\":\"00000000\",\"ex_dat\":\"0000\",\"flag\":\"0012\",\"id\":\"C5\",\"thd\":\"00\",\"val\":\"64\",\"w_val\":\"64\"},{\"dat\":\"00000000\",\"ex_dat\":\"0000\",\"flag\":\"0010\",\"id\":\"C6\",\"thd\":\"00\",\"val\":\"64\",\"w_val\":\"64\"}]',1,'',0,2),(10,1468910822,2,2,6,1,0,'S4Y139Z2',931,'[{\"dat\":\"00000000\",\"ex_dat\":\"0000\",\"flag\":\"0033\",\"id\":\"05\",\"thd\":\"0A\",\"val\":\"64\",\"w_val\":\"64\"},{\"dat\":\"00000000\",\"ex_dat\":\"0000\",\"flag\":\"0012\",\"id\":\"C5\",\"thd\":\"00\",\"val\":\"64\",\"w_val\":\"64\"},{\"dat\":\"00000000\",\"ex_dat\":\"0000\",\"flag\":\"0010\",\"id\":\"C6\",\"thd\":\"00\",\"val\":\"64\",\"w_val\":\"64\"}]',1,'',0,2),(11,1468911036,2,3,1,1,0,'6SZ1YQNK',298,'[{\"dat\":\"00000000\",\"ex_dat\":\"0400\",\"flag\":\"0033\",\"id\":\"05\",\"thd\":\"24\",\"val\":\"64\",\"w_val\":\"64\"},{\"dat\":\"00000000\",\"ex_dat\":\"0000\",\"flag\":\"0012\",\"id\":\"C5\",\"thd\":\"00\",\"val\":\"64\",\"w_val\":\"64\"},{\"dat\":\"00000000\",\"ex_dat\":\"0000\",\"flag\":\"0010\",\"id\":\"C6\",\"thd\":\"00\",\"val\":\"64\",\"w_val\":\"64\"}]',1,'',0,2),(12,1468911038,2,3,2,1,0,'9SZ39SFY',298,'[{\"dat\":\"00000000\",\"ex_dat\":\"0000\",\"flag\":\"0033\",\"id\":\"05\",\"thd\":\"24\",\"val\":\"64\",\"w_val\":\"64\"},{\"dat\":\"00000000\",\"ex_dat\":\"0000\",\"flag\":\"0012\",\"id\":\"C5\",\"thd\":\"00\",\"val\":\"64\",\"w_val\":\"64\"},{\"dat\":\"00000000\",\"ex_dat\":\"0000\",\"flag\":\"0010\",\"id\":\"C6\",\"thd\":\"00\",\"val\":\"64\",\"w_val\":\"64\"}]',1,'',0,2),(13,1468911047,2,3,3,1,0,'W4Z093KQ',1863,'[{\"dat\":\"00000000\",\"ex_dat\":\"0000\",\"flag\":\"0033\",\"id\":\"05\",\"thd\":\"0A\",\"val\":\"64\",\"w_val\":\"64\"},{\"dat\":\"00000000\",\"ex_dat\":\"0000\",\"flag\":\"0012\",\"id\":\"C5\",\"thd\":\"00\",\"val\":\"64\",\"w_val\":\"64\"},{\"dat\":\"00000000\",\"ex_dat\":\"0000\",\"flag\":\"0010\",\"id\":\"C6\",\"thd\":\"00\",\"val\":\"64\",\"w_val\":\"64\"}]',1,'',0,2),(14,1468911050,2,3,4,1,0,'S4Z0AP32',1863,'[{\"dat\":\"00000000\",\"ex_dat\":\"0000\",\"flag\":\"0033\",\"id\":\"05\",\"thd\":\"0A\",\"val\":\"64\",\"w_val\":\"64\"},{\"dat\":\"00000000\",\"ex_dat\":\"0000\",\"flag\":\"0012\",\"id\":\"C5\",\"thd\":\"00\",\"val\":\"64\",\"w_val\":\"64\"},{\"dat\":\"00000000\",\"ex_dat\":\"0000\",\"flag\":\"0010\",\"id\":\"C6\",\"thd\":\"00\",\"val\":\"64\",\"w_val\":\"64\"}]',1,'',0,2),(15,1468911060,2,3,5,1,0,'S4Z0B8JR',1863,'[{\"dat\":\"00000000\",\"ex_dat\":\"0000\",\"flag\":\"0033\",\"id\":\"05\",\"thd\":\"0A\",\"val\":\"64\",\"w_val\":\"64\"},{\"dat\":\"00000000\",\"ex_dat\":\"0000\",\"flag\":\"0012\",\"id\":\"C5\",\"thd\":\"00\",\"val\":\"64\",\"w_val\":\"64\"},{\"dat\":\"00000000\",\"ex_dat\":\"0000\",\"flag\":\"0010\",\"id\":\"C6\",\"thd\":\"00\",\"val\":\"64\",\"w_val\":\"64\"}]',1,'',0,2),(16,1468911061,2,3,6,1,0,'S4Z05WRZ',1863,'[{\"dat\":\"00000000\",\"ex_dat\":\"0000\",\"flag\":\"0033\",\"id\":\"05\",\"thd\":\"0A\",\"val\":\"64\",\"w_val\":\"64\"},{\"dat\":\"00000000\",\"ex_dat\":\"0000\",\"flag\":\"0012\",\"id\":\"C5\",\"thd\":\"00\",\"val\":\"64\",\"w_val\":\"64\"},{\"dat\":\"00000000\",\"ex_dat\":\"0000\",\"flag\":\"0010\",\"id\":\"C6\",\"thd\":\"00\",\"val\":\"64\",\"w_val\":\"64\"}]',1,'',0,2),(17,1468911171,2,4,2,1,0,'S4Z0ANYB',1863,'[{\"dat\":\"00000000\",\"ex_dat\":\"0000\",\"flag\":\"0033\",\"id\":\"05\",\"thd\":\"0A\",\"val\":\"64\",\"w_val\":\"64\"},{\"dat\":\"00000000\",\"ex_dat\":\"0000\",\"flag\":\"0012\",\"id\":\"C5\",\"thd\":\"00\",\"val\":\"64\",\"w_val\":\"64\"},{\"dat\":\"00000000\",\"ex_dat\":\"0000\",\"flag\":\"0010\",\"id\":\"C6\",\"thd\":\"00\",\"val\":\"64\",\"w_val\":\"64\"}]',1,'',0,2),(18,1468911173,2,4,1,1,0,'W4Y13CYJ',931,'[{\"dat\":\"00000000\",\"ex_dat\":\"0000\",\"flag\":\"0033\",\"id\":\"05\",\"thd\":\"0A\",\"val\":\"64\",\"w_val\":\"64\"},{\"dat\":\"00000000\",\"ex_dat\":\"0000\",\"flag\":\"0012\",\"id\":\"C5\",\"thd\":\"00\",\"val\":\"64\",\"w_val\":\"64\"},{\"dat\":\"00000000\",\"ex_dat\":\"0000\",\"flag\":\"0010\",\"id\":\"C6\",\"thd\":\"00\",\"val\":\"64\",\"w_val\":\"64\"}]',1,'',0,2),(19,1468911204,2,4,5,1,0,'S4Z0AF39',1863,'[{\"dat\":\"00000000\",\"ex_dat\":\"0000\",\"flag\":\"0033\",\"id\":\"05\",\"thd\":\"0A\",\"val\":\"64\",\"w_val\":\"64\"},{\"dat\":\"00000000\",\"ex_dat\":\"0000\",\"flag\":\"0012\",\"id\":\"C5\",\"thd\":\"00\",\"val\":\"64\",\"w_val\":\"64\"},{\"dat\":\"00000000\",\"ex_dat\":\"0000\",\"flag\":\"0010\",\"id\":\"C6\",\"thd\":\"00\",\"val\":\"64\",\"w_val\":\"64\"}]',1,'',0,2),(20,1468911207,2,4,3,1,0,'S4Y13HKL',931,'[{\"dat\":\"00000000\",\"ex_dat\":\"0000\",\"flag\":\"0033\",\"id\":\"05\",\"thd\":\"0A\",\"val\":\"64\",\"w_val\":\"64\"},{\"dat\":\"00000000\",\"ex_dat\":\"0000\",\"flag\":\"0012\",\"id\":\"C5\",\"thd\":\"00\",\"val\":\"64\",\"w_val\":\"64\"},{\"dat\":\"00000000\",\"ex_dat\":\"0000\",\"flag\":\"0010\",\"id\":\"C6\",\"thd\":\"00\",\"val\":\"64\",\"w_val\":\"64\"}]',1,'',0,2),(21,1468911210,2,5,4,1,0,'S4Z05VHF',1863,'[{\"dat\":\"00000000\",\"ex_dat\":\"0000\",\"flag\":\"0033\",\"id\":\"05\",\"thd\":\"0A\",\"val\":\"64\",\"w_val\":\"64\"},{\"dat\":\"00000000\",\"ex_dat\":\"0000\",\"flag\":\"0012\",\"id\":\"C5\",\"thd\":\"00\",\"val\":\"64\",\"w_val\":\"64\"},{\"dat\":\"00000000\",\"ex_dat\":\"0000\",\"flag\":\"0010\",\"id\":\"C6\",\"thd\":\"00\",\"val\":\"64\",\"w_val\":\"64\"}]',1,'',0,2),(22,1468911215,2,5,6,1,0,'S4Z0AJEA',1863,'[{\"dat\":\"00000000\",\"ex_dat\":\"0000\",\"flag\":\"0033\",\"id\":\"05\",\"thd\":\"0A\",\"val\":\"64\",\"w_val\":\"64\"},{\"dat\":\"00000000\",\"ex_dat\":\"0000\",\"flag\":\"0012\",\"id\":\"C5\",\"thd\":\"00\",\"val\":\"64\",\"w_val\":\"64\"},{\"dat\":\"00000000\",\"ex_dat\":\"0000\",\"flag\":\"0010\",\"id\":\"C6\",\"thd\":\"00\",\"val\":\"64\",\"w_val\":\"64\"}]',1,'',0,2),(23,1468911222,2,6,1,1,0,'S4Z09A2J',1863,'[{\"dat\":\"00000000\",\"ex_dat\":\"0000\",\"flag\":\"0033\",\"id\":\"05\",\"thd\":\"0A\",\"val\":\"64\",\"w_val\":\"64\"},{\"dat\":\"00000000\",\"ex_dat\":\"0000\",\"flag\":\"0012\",\"id\":\"C5\",\"thd\":\"00\",\"val\":\"64\",\"w_val\":\"64\"},{\"dat\":\"00000000\",\"ex_dat\":\"0000\",\"flag\":\"0010\",\"id\":\"C6\",\"thd\":\"00\",\"val\":\"64\",\"w_val\":\"64\"}]',1,'',0,2),(24,1468911304,2,4,4,1,0,'5SZ0QZW7',298,'[{\"dat\":\"00000000\",\"ex_dat\":\"0300\",\"flag\":\"0033\",\"id\":\"05\",\"thd\":\"24\",\"val\":\"64\",\"w_val\":\"64\"},{\"dat\":\"00000000\",\"ex_dat\":\"0000\",\"flag\":\"0012\",\"id\":\"C5\",\"thd\":\"00\",\"val\":\"64\",\"w_val\":\"64\"},{\"dat\":\"00000000\",\"ex_dat\":\"0000\",\"flag\":\"0010\",\"id\":\"C6\",\"thd\":\"00\",\"val\":\"64\",\"w_val\":\"64\"}]',1,'',0,2),(25,1468911346,2,4,6,1,0,'S4Y12P1L',931,'[{\"dat\":\"00000000\",\"ex_dat\":\"0000\",\"flag\":\"0033\",\"id\":\"05\",\"thd\":\"0A\",\"val\":\"64\",\"w_val\":\"64\"},{\"dat\":\"00000000\",\"ex_dat\":\"0000\",\"flag\":\"0012\",\"id\":\"C5\",\"thd\":\"00\",\"val\":\"64\",\"w_val\":\"64\"},{\"dat\":\"00000000\",\"ex_dat\":\"0000\",\"flag\":\"0010\",\"id\":\"C6\",\"thd\":\"00\",\"val\":\"64\",\"w_val\":\"64\"}]',1,'',0,2),(26,1468911365,2,5,5,1,0,'S4Z0AGQN',1863,'[{\"dat\":\"00000000\",\"ex_dat\":\"0000\",\"flag\":\"0033\",\"id\":\"05\",\"thd\":\"0A\",\"val\":\"64\",\"w_val\":\"64\"},{\"dat\":\"00000000\",\"ex_dat\":\"0000\",\"flag\":\"0012\",\"id\":\"C5\",\"thd\":\"00\",\"val\":\"64\",\"w_val\":\"64\"},{\"dat\":\"00000000\",\"ex_dat\":\"0000\",\"flag\":\"0010\",\"id\":\"C6\",\"thd\":\"00\",\"val\":\"64\",\"w_val\":\"64\"}]',1,'',0,2),(27,1468911374,2,5,1,1,0,'S4Z0AFXB',1863,'[{\"dat\":\"00000000\",\"ex_dat\":\"0000\",\"flag\":\"0033\",\"id\":\"05\",\"thd\":\"0A\",\"val\":\"64\",\"w_val\":\"64\"},{\"dat\":\"00000000\",\"ex_dat\":\"0000\",\"flag\":\"0012\",\"id\":\"C5\",\"thd\":\"00\",\"val\":\"64\",\"w_val\":\"64\"},{\"dat\":\"00000000\",\"ex_dat\":\"0000\",\"flag\":\"0010\",\"id\":\"C6\",\"thd\":\"00\",\"val\":\"64\",\"w_val\":\"64\"}]',1,'',0,2),(28,1468911495,1,1,1,1,0,'S4Z0AC4H',1863,'[{\"dat\":\"00000000\",\"ex_dat\":\"0000\",\"flag\":\"0033\",\"id\":\"05\",\"thd\":\"0A\",\"val\":\"64\",\"w_val\":\"64\"},{\"dat\":\"00000000\",\"ex_dat\":\"0000\",\"flag\":\"0012\",\"id\":\"C5\",\"thd\":\"00\",\"val\":\"64\",\"w_val\":\"64\"},{\"dat\":\"00000000\",\"ex_dat\":\"0000\",\"flag\":\"0010\",\"id\":\"C6\",\"thd\":\"00\",\"val\":\"64\",\"w_val\":\"64\"}]',1,'',0,1),(29,1468911509,1,1,6,1,0,'S4Z0AF1K',1863,'[{\"dat\":\"00000000\",\"ex_dat\":\"0000\",\"flag\":\"0033\",\"id\":\"05\",\"thd\":\"0A\",\"val\":\"64\",\"w_val\":\"64\"},{\"dat\":\"00000000\",\"ex_dat\":\"0000\",\"flag\":\"0012\",\"id\":\"C5\",\"thd\":\"00\",\"val\":\"64\",\"w_val\":\"64\"},{\"dat\":\"00000000\",\"ex_dat\":\"0000\",\"flag\":\"0010\",\"id\":\"C6\",\"thd\":\"00\",\"val\":\"64\",\"w_val\":\"64\"}]',1,'',0,1),(30,1468911524,1,1,2,1,0,'S4Z0B87X',1863,'[{\"dat\":\"00000000\",\"ex_dat\":\"0000\",\"flag\":\"0033\",\"id\":\"05\",\"thd\":\"0A\",\"val\":\"64\",\"w_val\":\"64\"},{\"dat\":\"00000000\",\"ex_dat\":\"0000\",\"flag\":\"0012\",\"id\":\"C5\",\"thd\":\"00\",\"val\":\"64\",\"w_val\":\"64\"},{\"dat\":\"00000000\",\"ex_dat\":\"0000\",\"flag\":\"0010\",\"id\":\"C6\",\"thd\":\"00\",\"val\":\"64\",\"w_val\":\"64\"}]',1,'',0,1),(31,1468911531,1,2,6,1,0,'6SZ2102Q',298,'[{\"dat\":\"00000000\",\"ex_dat\":\"0000\",\"flag\":\"0033\",\"id\":\"05\",\"thd\":\"24\",\"val\":\"64\",\"w_val\":\"64\"},{\"dat\":\"00000000\",\"ex_dat\":\"0000\",\"flag\":\"0012\",\"id\":\"C5\",\"thd\":\"00\",\"val\":\"64\",\"w_val\":\"64\"},{\"dat\":\"00000000\",\"ex_dat\":\"0000\",\"flag\":\"0010\",\"id\":\"C6\",\"thd\":\"00\",\"val\":\"64\",\"w_val\":\"64\"}]',1,'',0,1),(32,1468911554,1,1,3,1,0,'S4Z0B877',1863,'[{\"dat\":\"00000000\",\"ex_dat\":\"0000\",\"flag\":\"0033\",\"id\":\"05\",\"thd\":\"0A\",\"val\":\"64\",\"w_val\":\"64\"},{\"dat\":\"00000000\",\"ex_dat\":\"0000\",\"flag\":\"0012\",\"id\":\"C5\",\"thd\":\"00\",\"val\":\"64\",\"w_val\":\"64\"},{\"dat\":\"00000000\",\"ex_dat\":\"0000\",\"flag\":\"0010\",\"id\":\"C6\",\"thd\":\"00\",\"val\":\"64\",\"w_val\":\"64\"}]',1,'',0,1),(33,1468911566,1,3,4,1,0,'W4Z09412',1863,'[{\"dat\":\"00000000\",\"ex_dat\":\"0000\",\"flag\":\"0033\",\"id\":\"05\",\"thd\":\"0A\",\"val\":\"64\",\"w_val\":\"64\"},{\"dat\":\"00000000\",\"ex_dat\":\"0000\",\"flag\":\"0012\",\"id\":\"C5\",\"thd\":\"00\",\"val\":\"64\",\"w_val\":\"64\"},{\"dat\":\"00000000\",\"ex_dat\":\"0000\",\"flag\":\"0010\",\"id\":\"C6\",\"thd\":\"00\",\"val\":\"64\",\"w_val\":\"64\"}]',1,'',0,1),(34,1468911583,1,2,4,1,0,'S4Z0B8JB',1863,'[{\"dat\":\"00000000\",\"ex_dat\":\"0000\",\"flag\":\"0033\",\"id\":\"05\",\"thd\":\"0A\",\"val\":\"64\",\"w_val\":\"64\"},{\"dat\":\"00000000\",\"ex_dat\":\"0000\",\"flag\":\"0012\",\"id\":\"C5\",\"thd\":\"00\",\"val\":\"64\",\"w_val\":\"64\"},{\"dat\":\"00000000\",\"ex_dat\":\"0000\",\"flag\":\"0010\",\"id\":\"C6\",\"thd\":\"00\",\"val\":\"64\",\"w_val\":\"64\"}]',1,'',0,1),(35,1468911583,1,3,5,1,0,'Z4Y24CSE',931,'[{\"dat\":\"00000000\",\"ex_dat\":\"0000\",\"flag\":\"0033\",\"id\":\"05\",\"thd\":\"0A\",\"val\":\"64\",\"w_val\":\"64\"},{\"dat\":\"00000000\",\"ex_dat\":\"0000\",\"flag\":\"0012\",\"id\":\"C5\",\"thd\":\"00\",\"val\":\"64\",\"w_val\":\"64\"},{\"dat\":\"00000000\",\"ex_dat\":\"0000\",\"flag\":\"0010\",\"id\":\"C6\",\"thd\":\"00\",\"val\":\"64\",\"w_val\":\"64\"}]',1,'',0,1),(36,1468911584,1,2,2,1,0,'S4Z0AH22',1863,'[{\"dat\":\"00000000\",\"ex_dat\":\"0000\",\"flag\":\"0033\",\"id\":\"05\",\"thd\":\"0A\",\"val\":\"64\",\"w_val\":\"64\"},{\"dat\":\"00000000\",\"ex_dat\":\"0000\",\"flag\":\"0012\",\"id\":\"C5\",\"thd\":\"00\",\"val\":\"64\",\"w_val\":\"64\"},{\"dat\":\"00000000\",\"ex_dat\":\"0000\",\"flag\":\"0010\",\"id\":\"C6\",\"thd\":\"00\",\"val\":\"64\",\"w_val\":\"64\"}]',1,'',0,1),(37,1468911587,1,3,2,1,0,'S4Z0AGGS',1863,'[{\"dat\":\"00000000\",\"ex_dat\":\"0000\",\"flag\":\"0033\",\"id\":\"05\",\"thd\":\"0A\",\"val\":\"64\",\"w_val\":\"64\"},{\"dat\":\"00000000\",\"ex_dat\":\"0000\",\"flag\":\"0012\",\"id\":\"C5\",\"thd\":\"00\",\"val\":\"64\",\"w_val\":\"64\"},{\"dat\":\"00000000\",\"ex_dat\":\"0000\",\"flag\":\"0010\",\"id\":\"C6\",\"thd\":\"00\",\"val\":\"64\",\"w_val\":\"64\"}]',1,'',0,1),(38,1468911662,1,3,3,1,0,'S4Y15BZJ',931,'[{\"dat\":\"00000000\",\"ex_dat\":\"0000\",\"flag\":\"0033\",\"id\":\"05\",\"thd\":\"0A\",\"val\":\"64\",\"w_val\":\"64\"},{\"dat\":\"00000000\",\"ex_dat\":\"0000\",\"flag\":\"0012\",\"id\":\"C5\",\"thd\":\"00\",\"val\":\"64\",\"w_val\":\"64\"},{\"dat\":\"00000000\",\"ex_dat\":\"0000\",\"flag\":\"0010\",\"id\":\"C6\",\"thd\":\"00\",\"val\":\"64\",\"w_val\":\"64\"}]',1,'',0,1),(39,1468911666,1,1,4,1,0,'9SZ38ES0',298,'[{\"dat\":\"00000000\",\"ex_dat\":\"0400\",\"flag\":\"0033\",\"id\":\"05\",\"thd\":\"24\",\"val\":\"64\",\"w_val\":\"64\"},{\"dat\":\"00000000\",\"ex_dat\":\"0000\",\"flag\":\"0012\",\"id\":\"C5\",\"thd\":\"00\",\"val\":\"64\",\"w_val\":\"64\"},{\"dat\":\"00000000\",\"ex_dat\":\"0000\",\"flag\":\"0010\",\"id\":\"C6\",\"thd\":\"00\",\"val\":\"64\",\"w_val\":\"64\"}]',1,'',0,1),(40,1468911726,1,2,3,1,0,'S4Z0ANA5',1863,'[{\"dat\":\"00000000\",\"ex_dat\":\"0000\",\"flag\":\"0033\",\"id\":\"05\",\"thd\":\"0A\",\"val\":\"64\",\"w_val\":\"64\"},{\"dat\":\"00000000\",\"ex_dat\":\"0000\",\"flag\":\"0012\",\"id\":\"C5\",\"thd\":\"00\",\"val\":\"64\",\"w_val\":\"64\"},{\"dat\":\"00000000\",\"ex_dat\":\"0000\",\"flag\":\"0010\",\"id\":\"C6\",\"thd\":\"00\",\"val\":\"64\",\"w_val\":\"64\"}]',1,'',0,1),(41,1468911757,1,4,3,1,0,'Z4Y24GZC',931,'[{\"dat\":\"00000000\",\"ex_dat\":\"0000\",\"flag\":\"0033\",\"id\":\"05\",\"thd\":\"0A\",\"val\":\"64\",\"w_val\":\"64\"},{\"dat\":\"00000000\",\"ex_dat\":\"0000\",\"flag\":\"0012\",\"id\":\"C5\",\"thd\":\"00\",\"val\":\"64\",\"w_val\":\"64\"},{\"dat\":\"00000000\",\"ex_dat\":\"0000\",\"flag\":\"0010\",\"id\":\"C6\",\"thd\":\"00\",\"val\":\"64\",\"w_val\":\"64\"}]',1,'',0,1),(42,1468911773,1,5,3,1,0,'S4Z0AEE6',1863,'[{\"dat\":\"00000000\",\"ex_dat\":\"0000\",\"flag\":\"0033\",\"id\":\"05\",\"thd\":\"0A\",\"val\":\"64\",\"w_val\":\"64\"},{\"dat\":\"00000000\",\"ex_dat\":\"0000\",\"flag\":\"0012\",\"id\":\"C5\",\"thd\":\"00\",\"val\":\"64\",\"w_val\":\"64\"},{\"dat\":\"00000000\",\"ex_dat\":\"0000\",\"flag\":\"0010\",\"id\":\"C6\",\"thd\":\"00\",\"val\":\"64\",\"w_val\":\"64\"}]',1,'',0,1),(43,1468911788,1,5,5,1,0,'W4Z093MB',1863,'[{\"dat\":\"00000000\",\"ex_dat\":\"0000\",\"flag\":\"0033\",\"id\":\"05\",\"thd\":\"0A\",\"val\":\"64\",\"w_val\":\"64\"},{\"dat\":\"00000000\",\"ex_dat\":\"0000\",\"flag\":\"0012\",\"id\":\"C5\",\"thd\":\"00\",\"val\":\"64\",\"w_val\":\"64\"},{\"dat\":\"00000000\",\"ex_dat\":\"0000\",\"flag\":\"0010\",\"id\":\"C6\",\"thd\":\"00\",\"val\":\"64\",\"w_val\":\"64\"}]',1,'',0,1),(44,1468911829,1,5,6,1,0,'S4Z0AF08',1863,'[{\"dat\":\"00000000\",\"ex_dat\":\"0000\",\"flag\":\"0033\",\"id\":\"05\",\"thd\":\"0A\",\"val\":\"64\",\"w_val\":\"64\"},{\"dat\":\"00000000\",\"ex_dat\":\"0000\",\"flag\":\"0012\",\"id\":\"C5\",\"thd\":\"00\",\"val\":\"64\",\"w_val\":\"64\"},{\"dat\":\"00000000\",\"ex_dat\":\"0000\",\"flag\":\"0010\",\"id\":\"C6\",\"thd\":\"00\",\"val\":\"64\",\"w_val\":\"64\"}]',1,'',0,1),(45,1468911853,1,6,3,1,0,'S4Y12Z6G',931,'[{\"dat\":\"00000000\",\"ex_dat\":\"0000\",\"flag\":\"0033\",\"id\":\"05\",\"thd\":\"0A\",\"val\":\"64\",\"w_val\":\"64\"},{\"dat\":\"00000000\",\"ex_dat\":\"0000\",\"flag\":\"0012\",\"id\":\"C5\",\"thd\":\"00\",\"val\":\"64\",\"w_val\":\"64\"},{\"dat\":\"00000000\",\"ex_dat\":\"0000\",\"flag\":\"0010\",\"id\":\"C6\",\"thd\":\"00\",\"val\":\"64\",\"w_val\":\"64\"}]',1,'',0,1),(46,1468911855,1,4,1,1,0,'S4Z08XXE',1863,'[{\"dat\":\"00000000\",\"ex_dat\":\"0000\",\"flag\":\"0033\",\"id\":\"05\",\"thd\":\"0A\",\"val\":\"64\",\"w_val\":\"64\"},{\"dat\":\"00000000\",\"ex_dat\":\"0000\",\"flag\":\"0012\",\"id\":\"C5\",\"thd\":\"00\",\"val\":\"64\",\"w_val\":\"64\"},{\"dat\":\"00000000\",\"ex_dat\":\"0000\",\"flag\":\"0010\",\"id\":\"C6\",\"thd\":\"00\",\"val\":\"64\",\"w_val\":\"64\"}]',1,'',0,1),(47,1468911858,1,6,1,1,0,'S4Z0AGHM',1863,'[{\"dat\":\"00000000\",\"ex_dat\":\"0000\",\"flag\":\"0033\",\"id\":\"05\",\"thd\":\"0A\",\"val\":\"64\",\"w_val\":\"64\"},{\"dat\":\"00000000\",\"ex_dat\":\"0000\",\"flag\":\"0012\",\"id\":\"C5\",\"thd\":\"00\",\"val\":\"64\",\"w_val\":\"64\"},{\"dat\":\"00000000\",\"ex_dat\":\"0000\",\"flag\":\"0010\",\"id\":\"C6\",\"thd\":\"00\",\"val\":\"64\",\"w_val\":\"64\"}]',1,'',0,1),(48,1468911866,1,6,5,1,0,'S4Y15C63',931,'[{\"dat\":\"00000000\",\"ex_dat\":\"0000\",\"flag\":\"0033\",\"id\":\"05\",\"thd\":\"0A\",\"val\":\"64\",\"w_val\":\"64\"},{\"dat\":\"00000000\",\"ex_dat\":\"0000\",\"flag\":\"0012\",\"id\":\"C5\",\"thd\":\"00\",\"val\":\"64\",\"w_val\":\"64\"},{\"dat\":\"00000000\",\"ex_dat\":\"0000\",\"flag\":\"0010\",\"id\":\"C6\",\"thd\":\"00\",\"val\":\"64\",\"w_val\":\"64\"}]',1,'',0,1),(49,1468911872,1,5,4,1,0,'5SZ0S63P',298,'[{\"dat\":\"00000000\",\"ex_dat\":\"0000\",\"flag\":\"0033\",\"id\":\"05\",\"thd\":\"24\",\"val\":\"64\",\"w_val\":\"64\"},{\"dat\":\"00000000\",\"ex_dat\":\"0000\",\"flag\":\"0012\",\"id\":\"C5\",\"thd\":\"00\",\"val\":\"64\",\"w_val\":\"64\"},{\"dat\":\"00000000\",\"ex_dat\":\"0000\",\"flag\":\"0010\",\"id\":\"C6\",\"thd\":\"00\",\"val\":\"64\",\"w_val\":\"64\"}]',1,'',0,1),(50,1468911872,1,6,4,1,0,'Z4Z0YRE6',1863,'[{\"dat\":\"00000000\",\"ex_dat\":\"0000\",\"flag\":\"0033\",\"id\":\"05\",\"thd\":\"0A\",\"val\":\"64\",\"w_val\":\"64\"},{\"dat\":\"00000000\",\"ex_dat\":\"0000\",\"flag\":\"0012\",\"id\":\"C5\",\"thd\":\"00\",\"val\":\"64\",\"w_val\":\"64\"},{\"dat\":\"00000000\",\"ex_dat\":\"0000\",\"flag\":\"0010\",\"id\":\"C6\",\"thd\":\"00\",\"val\":\"64\",\"w_val\":\"64\"}]',1,'',0,1),(51,1468911881,1,4,5,1,0,'Z4Y24GT1',931,'[{\"dat\":\"00000000\",\"ex_dat\":\"0000\",\"flag\":\"0033\",\"id\":\"05\",\"thd\":\"0A\",\"val\":\"64\",\"w_val\":\"64\"},{\"dat\":\"00000000\",\"ex_dat\":\"0000\",\"flag\":\"0012\",\"id\":\"C5\",\"thd\":\"00\",\"val\":\"64\",\"w_val\":\"64\"},{\"dat\":\"00000000\",\"ex_dat\":\"0000\",\"flag\":\"0010\",\"id\":\"C6\",\"thd\":\"00\",\"val\":\"64\",\"w_val\":\"64\"}]',1,'',0,1),(52,1468911901,1,6,6,1,0,'S4Y12ZG8',931,'[{\"dat\":\"00000000\",\"ex_dat\":\"0000\",\"flag\":\"0033\",\"id\":\"05\",\"thd\":\"0A\",\"val\":\"64\",\"w_val\":\"64\"},{\"dat\":\"00000000\",\"ex_dat\":\"0000\",\"flag\":\"0012\",\"id\":\"C5\",\"thd\":\"00\",\"val\":\"64\",\"w_val\":\"64\"},{\"dat\":\"00000000\",\"ex_dat\":\"0000\",\"flag\":\"0010\",\"id\":\"C6\",\"thd\":\"00\",\"val\":\"64\",\"w_val\":\"64\"}]',1,'',0,1),(53,1468911996,1,5,1,1,0,'Z3TGMC7T',465,'[{\"dat\":\"00000000\",\"ex_dat\":\"0000\",\"flag\":\"0033\",\"id\":\"05\",\"thd\":\"24\",\"val\":\"64\",\"w_val\":\"64\"},{\"dat\":\"00000000\",\"ex_dat\":\"0000\",\"flag\":\"0012\",\"id\":\"C5\",\"thd\":\"00\",\"val\":\"64\",\"w_val\":\"64\"},{\"dat\":\"00000000\",\"ex_dat\":\"0000\",\"flag\":\"0010\",\"id\":\"C6\",\"thd\":\"00\",\"val\":\"64\",\"w_val\":\"64\"}]',1,'',0,1),(54,1468912021,1,6,2,1,0,'S4Z0AEJW',1863,'[{\"dat\":\"00000000\",\"ex_dat\":\"0000\",\"flag\":\"0033\",\"id\":\"05\",\"thd\":\"0A\",\"val\":\"64\",\"w_val\":\"64\"},{\"dat\":\"00000000\",\"ex_dat\":\"0000\",\"flag\":\"0012\",\"id\":\"C5\",\"thd\":\"00\",\"val\":\"64\",\"w_val\":\"64\"},{\"dat\":\"00000000\",\"ex_dat\":\"0000\",\"flag\":\"0010\",\"id\":\"C6\",\"thd\":\"00\",\"val\":\"64\",\"w_val\":\"64\"}]',1,'',0,1),(55,1468912048,1,3,1,1,0,'S4Z05VYE',1863,'[{\"dat\":\"00000000\",\"ex_dat\":\"0000\",\"flag\":\"0033\",\"id\":\"05\",\"thd\":\"0A\",\"val\":\"64\",\"w_val\":\"64\"},{\"dat\":\"00000000\",\"ex_dat\":\"0000\",\"flag\":\"0012\",\"id\":\"C5\",\"thd\":\"00\",\"val\":\"64\",\"w_val\":\"64\"},{\"dat\":\"00000000\",\"ex_dat\":\"0000\",\"flag\":\"0010\",\"id\":\"C6\",\"thd\":\"00\",\"val\":\"64\",\"w_val\":\"64\"}]',1,'',0,1),(56,1468912067,1,4,2,1,0,'W1D1BRX0',465,'[{\"dat\":\"00000000\",\"ex_dat\":\"0000\",\"flag\":\"0033\",\"id\":\"05\",\"thd\":\"24\",\"val\":\"64\",\"w_val\":\"64\"},{\"dat\":\"00000000\",\"ex_dat\":\"0000\",\"flag\":\"0012\",\"id\":\"C5\",\"thd\":\"00\",\"val\":\"64\",\"w_val\":\"64\"},{\"dat\":\"00000000\",\"ex_dat\":\"0000\",\"flag\":\"0010\",\"id\":\"C6\",\"thd\":\"00\",\"val\":\"64\",\"w_val\":\"64\"}]',1,'',0,1),(57,1468912070,1,3,6,1,0,'Z4Y24B2G',931,'[{\"dat\":\"00000000\",\"ex_dat\":\"0000\",\"flag\":\"0033\",\"id\":\"05\",\"thd\":\"0A\",\"val\":\"64\",\"w_val\":\"64\"},{\"dat\":\"00000000\",\"ex_dat\":\"0000\",\"flag\":\"0012\",\"id\":\"C5\",\"thd\":\"00\",\"val\":\"64\",\"w_val\":\"64\"},{\"dat\":\"00000000\",\"ex_dat\":\"0000\",\"flag\":\"0010\",\"id\":\"C6\",\"thd\":\"00\",\"val\":\"64\",\"w_val\":\"64\"}]',1,'',0,1),(58,1468912074,1,4,4,1,0,'W4Z093MY',1863,'[{\"dat\":\"00000000\",\"ex_dat\":\"0000\",\"flag\":\"0033\",\"id\":\"05\",\"thd\":\"0A\",\"val\":\"64\",\"w_val\":\"64\"},{\"dat\":\"00000000\",\"ex_dat\":\"0000\",\"flag\":\"0012\",\"id\":\"C5\",\"thd\":\"00\",\"val\":\"64\",\"w_val\":\"64\"},{\"dat\":\"00000000\",\"ex_dat\":\"0000\",\"flag\":\"0010\",\"id\":\"C6\",\"thd\":\"00\",\"val\":\"64\",\"w_val\":\"64\"}]',1,'',0,1),(59,1468912093,1,5,2,1,0,'Z4Y24F9W',931,'[{\"dat\":\"00000000\",\"ex_dat\":\"0000\",\"flag\":\"0033\",\"id\":\"05\",\"thd\":\"0A\",\"val\":\"64\",\"w_val\":\"64\"},{\"dat\":\"00000000\",\"ex_dat\":\"0000\",\"flag\":\"0012\",\"id\":\"C5\",\"thd\":\"00\",\"val\":\"64\",\"w_val\":\"64\"},{\"dat\":\"00000000\",\"ex_dat\":\"0000\",\"flag\":\"0010\",\"id\":\"C6\",\"thd\":\"00\",\"val\":\"64\",\"w_val\":\"64\"}]',1,'',0,1),(60,1468912112,1,1,5,1,0,'S4Z0AGE3',1863,'[{\"dat\":\"00000000\",\"ex_dat\":\"0000\",\"flag\":\"0033\",\"id\":\"05\",\"thd\":\"0A\",\"val\":\"64\",\"w_val\":\"64\"},{\"dat\":\"00000000\",\"ex_dat\":\"0000\",\"flag\":\"0012\",\"id\":\"C5\",\"thd\":\"00\",\"val\":\"64\",\"w_val\":\"64\"},{\"dat\":\"00000000\",\"ex_dat\":\"0000\",\"flag\":\"0010\",\"id\":\"C6\",\"thd\":\"00\",\"val\":\"64\",\"w_val\":\"64\"}]',1,'',0,1),(61,1468912131,1,2,5,1,0,'Z4Y24G40',931,'[{\"dat\":\"00000000\",\"ex_dat\":\"0000\",\"flag\":\"0033\",\"id\":\"05\",\"thd\":\"0A\",\"val\":\"64\",\"w_val\":\"64\"},{\"dat\":\"00000000\",\"ex_dat\":\"0000\",\"flag\":\"0012\",\"id\":\"C5\",\"thd\":\"00\",\"val\":\"64\",\"w_val\":\"64\"},{\"dat\":\"00000000\",\"ex_dat\":\"0000\",\"flag\":\"0010\",\"id\":\"C6\",\"thd\":\"00\",\"val\":\"64\",\"w_val\":\"64\"}]',1,'',0,1),(62,1468912134,1,2,1,1,0,'S4Z0B8ML',1863,'[{\"dat\":\"00000000\",\"ex_dat\":\"0000\",\"flag\":\"0033\",\"id\":\"05\",\"thd\":\"0A\",\"val\":\"64\",\"w_val\":\"64\"},{\"dat\":\"00000000\",\"ex_dat\":\"0000\",\"flag\":\"0012\",\"id\":\"C5\",\"thd\":\"00\",\"val\":\"64\",\"w_val\":\"64\"},{\"dat\":\"00000000\",\"ex_dat\":\"0000\",\"flag\":\"0010\",\"id\":\"C6\",\"thd\":\"00\",\"val\":\"64\",\"w_val\":\"64\"}]',1,'',0,1),(63,1468912193,1,1,5,1,60,'S4Z0AGE3',1863,'[{\"dat\":\"00000000\",\"ex_dat\":\"0000\",\"flag\":\"0033\",\"id\":\"05\",\"thd\":\"0A\",\"val\":\"64\",\"w_val\":\"64\"},{\"dat\":\"00000000\",\"ex_dat\":\"0000\",\"flag\":\"0012\",\"id\":\"C5\",\"thd\":\"00\",\"val\":\"64\",\"w_val\":\"64\"},{\"dat\":\"00000000\",\"ex_dat\":\"0000\",\"flag\":\"0010\",\"id\":\"C6\",\"thd\":\"00\",\"val\":\"64\",\"w_val\":\"64\"}]',1,'',0,1),(64,1468912227,1,2,5,1,61,'Z4Y24G40',931,'[{\"dat\":\"00000000\",\"ex_dat\":\"0000\",\"flag\":\"0033\",\"id\":\"05\",\"thd\":\"0A\",\"val\":\"64\",\"w_val\":\"64\"},{\"dat\":\"00000000\",\"ex_dat\":\"0000\",\"flag\":\"0012\",\"id\":\"C5\",\"thd\":\"00\",\"val\":\"64\",\"w_val\":\"64\"},{\"dat\":\"00000000\",\"ex_dat\":\"0000\",\"flag\":\"0010\",\"id\":\"C6\",\"thd\":\"00\",\"val\":\"64\",\"w_val\":\"64\"}]',1,'',0,1),(65,1468912230,1,2,1,1,62,'S4Z0B8ML',1863,'[{\"dat\":\"00000000\",\"ex_dat\":\"0000\",\"flag\":\"0033\",\"id\":\"05\",\"thd\":\"0A\",\"val\":\"64\",\"w_val\":\"64\"},{\"dat\":\"00000000\",\"ex_dat\":\"0000\",\"flag\":\"0012\",\"id\":\"C5\",\"thd\":\"00\",\"val\":\"64\",\"w_val\":\"64\"},{\"dat\":\"00000000\",\"ex_dat\":\"0000\",\"flag\":\"0010\",\"id\":\"C6\",\"thd\":\"00\",\"val\":\"64\",\"w_val\":\"64\"}]',1,'',0,1),(66,1468912374,1,3,6,1,57,'Z4Y24B2G',931,'[{\"dat\":\"00000000\",\"ex_dat\":\"0000\",\"flag\":\"0033\",\"id\":\"05\",\"thd\":\"0A\",\"val\":\"64\",\"w_val\":\"64\"},{\"dat\":\"00000000\",\"ex_dat\":\"0000\",\"flag\":\"0012\",\"id\":\"C5\",\"thd\":\"00\",\"val\":\"64\",\"w_val\":\"64\"},{\"dat\":\"00000000\",\"ex_dat\":\"0000\",\"flag\":\"0010\",\"id\":\"C6\",\"thd\":\"00\",\"val\":\"64\",\"w_val\":\"64\"}]',1,'',0,1),(67,1468912375,1,3,1,1,55,'S4Z05VYE',1863,'[{\"dat\":\"00000000\",\"ex_dat\":\"0000\",\"flag\":\"0033\",\"id\":\"05\",\"thd\":\"0A\",\"val\":\"64\",\"w_val\":\"64\"},{\"dat\":\"00000000\",\"ex_dat\":\"0000\",\"flag\":\"0012\",\"id\":\"C5\",\"thd\":\"00\",\"val\":\"64\",\"w_val\":\"64\"},{\"dat\":\"00000000\",\"ex_dat\":\"0000\",\"flag\":\"0010\",\"id\":\"C6\",\"thd\":\"00\",\"val\":\"64\",\"w_val\":\"64\"}]',1,'',0,1),(68,1468912815,2,1,5,1,2,'PFDB30K2CPQSRB',76,'[{\"dat\":\"00000000\",\"ex_dat\":\"0000\",\"flag\":\"0033\",\"id\":\"05\",\"thd\":\"05\",\"val\":\"64\",\"w_val\":\"64\"},{\"dat\":\"00000000\",\"ex_dat\":\"0000\",\"flag\":\"0022\",\"id\":\"C5\",\"thd\":\"00\",\"val\":\"64\",\"w_val\":\"64\"},{\"dat\":\"00000000\",\"ex_dat\":\"0000\",\"flag\":\"0008\",\"id\":\"C6\",\"thd\":\"00\",\"val\":\"64\",\"w_val\":\"64\"}]',1,'',0,2);
/*!40000 ALTER TABLE `gui_disk_smart_log` ENABLE KEYS */;
UNLOCK TABLES;

--
-- Table structure for table `gui_fatal_msg`
--

DROP TABLE IF EXISTS `gui_fatal_msg`;
/*!40101 SET @saved_cs_client     = @@character_set_client */;
/*!40101 SET character_set_client = utf8 */;
CREATE TABLE `gui_fatal_msg` (
  `id` int(11) NOT NULL AUTO_INCREMENT,
  `msg` varchar(4096) DEFAULT NULL,
  PRIMARY KEY (`id`)
) ENGINE=InnoDB DEFAULT CHARSET=utf8;
/*!40101 SET character_set_client = @saved_cs_client */;

--
-- Dumping data for table `gui_fatal_msg`
--

LOCK TABLES `gui_fatal_msg` WRITE;
/*!40000 ALTER TABLE `gui_fatal_msg` DISABLE KEYS */;
/*!40000 ALTER TABLE `gui_fatal_msg` ENABLE KEYS */;
UNLOCK TABLES;

--
-- Table structure for table `gui_install_time`
--

DROP TABLE IF EXISTS `gui_install_time`;
/*!40101 SET @saved_cs_client     = @@character_set_client */;
/*!40101 SET character_set_client = utf8 */;
CREATE TABLE `gui_install_time` (
  `id` smallint(3) NOT NULL AUTO_INCREMENT,
  `time` varchar(100) DEFAULT NULL,
  PRIMARY KEY (`id`)
) ENGINE=InnoDB DEFAULT CHARSET=utf8;
/*!40101 SET character_set_client = @saved_cs_client */;

--
-- Dumping data for table `gui_install_time`
--

LOCK TABLES `gui_install_time` WRITE;
/*!40000 ALTER TABLE `gui_install_time` DISABLE KEYS */;
/*!40000 ALTER TABLE `gui_install_time` ENABLE KEYS */;
UNLOCK TABLES;

--
-- Table structure for table `gui_level`
--

DROP TABLE IF EXISTS `gui_level`;
/*!40101 SET @saved_cs_client     = @@character_set_client */;
/*!40101 SET character_set_client = utf8 */;
CREATE TABLE `gui_level` (
  `id` int(5) NOT NULL AUTO_INCREMENT,
  `level` int(5) NOT NULL,
  `protected` int(1) DEFAULT '1' COMMENT '写保护',
  PRIMARY KEY (`id`)
) ENGINE=InnoDB DEFAULT CHARSET=utf8 COMMENT='层级表';
/*!40101 SET character_set_client = @saved_cs_client */;

--
-- Dumping data for table `gui_level`
--

LOCK TABLES `gui_level` WRITE;
/*!40000 ALTER TABLE `gui_level` DISABLE KEYS */;
/*!40000 ALTER TABLE `gui_level` ENABLE KEYS */;
UNLOCK TABLES;

--
-- Table structure for table `gui_restart_time`
--

DROP TABLE IF EXISTS `gui_restart_time`;
/*!40101 SET @saved_cs_client     = @@character_set_client */;
/*!40101 SET character_set_client = utf8 */;
CREATE TABLE `gui_restart_time` (
  `id` int(11) NOT NULL AUTO_INCREMENT,
  `restart_time` int(11) DEFAULT '0',
  PRIMARY KEY (`id`)
) ENGINE=InnoDB AUTO_INCREMENT=3 DEFAULT CHARSET=utf8;
/*!40101 SET character_set_client = @saved_cs_client */;

--
-- Dumping data for table `gui_restart_time`
--

LOCK TABLES `gui_restart_time` WRITE;
/*!40000 ALTER TABLE `gui_restart_time` DISABLE KEYS */;
INSERT INTO `gui_restart_time` VALUES (1,1468909703),(2,1468910247);
/*!40000 ALTER TABLE `gui_restart_time` ENABLE KEYS */;
UNLOCK TABLES;

--
-- Table structure for table `gui_super`
--

DROP TABLE IF EXISTS `gui_super`;
/*!40101 SET @saved_cs_client     = @@character_set_client */;
/*!40101 SET character_set_client = utf8 */;
CREATE TABLE `gui_super` (
  `id` int(11) NOT NULL AUTO_INCREMENT,
  `pwd` varchar(500) NOT NULL,
  `name` varchar(100) NOT NULL,
  `locked` int(11) NOT NULL DEFAULT '0',
  PRIMARY KEY (`id`)
) ENGINE=InnoDB AUTO_INCREMENT=6 DEFAULT CHARSET=utf8;
/*!40101 SET character_set_client = @saved_cs_client */;

--
-- Dumping data for table `gui_super`
--

LOCK TABLES `gui_super` WRITE;
/*!40000 ALTER TABLE `gui_super` DISABLE KEYS */;
INSERT INTO `gui_super` VALUES (4,'565431c2ff46fff5c450c20276785963','useradmin',0),(5,'565431c2ff46fff5c450c20276785963','logadmin',0);
/*!40000 ALTER TABLE `gui_super` ENABLE KEYS */;
UNLOCK TABLES;

--
-- Table structure for table `gui_system_run_log`
--

DROP TABLE IF EXISTS `gui_system_run_log`;
/*!40101 SET @saved_cs_client     = @@character_set_client */;
/*!40101 SET character_set_client = utf8 */;
CREATE TABLE `gui_system_run_log` (
  `id` int(10) NOT NULL AUTO_INCREMENT,
  `type` varchar(50) DEFAULT NULL,
  `msg` varchar(2048) DEFAULT NULL,
  `time` varchar(200) DEFAULT NULL,
  PRIMARY KEY (`id`)
) ENGINE=InnoDB DEFAULT CHARSET=utf8;
/*!40101 SET character_set_client = @saved_cs_client */;

--
-- Dumping data for table `gui_system_run_log`
--

LOCK TABLES `gui_system_run_log` WRITE;
/*!40000 ALTER TABLE `gui_system_run_log` DISABLE KEYS */;
/*!40000 ALTER TABLE `gui_system_run_log` ENABLE KEYS */;
UNLOCK TABLES;

--
-- Table structure for table `gui_test`
--

DROP TABLE IF EXISTS `gui_test`;
/*!40101 SET @saved_cs_client     = @@character_set_client */;
/*!40101 SET character_set_client = utf8 */;
CREATE TABLE `gui_test` (
  `response` varchar(1000) NOT NULL,
  `time` timestamp NULL DEFAULT CURRENT_TIMESTAMP,
  `id` int(11) NOT NULL AUTO_INCREMENT,
  PRIMARY KEY (`id`)
) ENGINE=InnoDB DEFAULT CHARSET=utf8;
/*!40101 SET character_set_client = @saved_cs_client */;

--
-- Dumping data for table `gui_test`
--

LOCK TABLES `gui_test` WRITE;
/*!40000 ALTER TABLE `gui_test` DISABLE KEYS */;
/*!40000 ALTER TABLE `gui_test` ENABLE KEYS */;
UNLOCK TABLES;

--
-- Table structure for table `gui_user`
--

DROP TABLE IF EXISTS `gui_user`;
/*!40101 SET @saved_cs_client     = @@character_set_client */;
/*!40101 SET character_set_client = utf8 */;
CREATE TABLE `gui_user` (
  `id` int(11) NOT NULL AUTO_INCREMENT,
  `username` text NOT NULL,
  `password` text NOT NULL,
  `avatar` text,
  `email` text,
  `email_code` text,
  `phone` int(11) DEFAULT NULL,
  `status` int(11) DEFAULT NULL,
  `register_time` int(11) DEFAULT NULL,
  `last_login_ip` text,
  `last_login_time` int(11) DEFAULT NULL,
  `write` int(11) NOT NULL DEFAULT '0' COMMENT '写权限：0代表无，非0代表有；默认无写权限',
  `locked` int(11) NOT NULL DEFAULT '0',
  PRIMARY KEY (`id`)
) ENGINE=InnoDB AUTO_INCREMENT=10 DEFAULT CHARSET=utf8;
/*!40101 SET character_set_client = @saved_cs_client */;

--
-- Dumping data for table `gui_user`
--

LOCK TABLES `gui_user` WRITE;
/*!40000 ALTER TABLE `gui_user` DISABLE KEYS */;
INSERT INTO `gui_user` VALUES (1,'link','de88e3e4ab202d87754078cbb2df6063',NULL,NULL,NULL,NULL,1,1468284633,'111.202.103.202',1468912687,1,0),(2,'zhhw','e1a057bc60894e20d61c39dcd6db18dc',NULL,NULL,NULL,NULL,1,1468285671,'192.168.1.19',1468910298,2,0),(3,'chm','565431c2ff46fff5c450c20276785963',NULL,NULL,NULL,NULL,1,1468287899,'183.202.149.90',1468809715,1,0),(4,'zhw','e1a057bc60894e20d61c39dcd6db18dc',NULL,NULL,NULL,NULL,1,1468287908,'111.194.109.55',1468502373,0,0),(5,'wyj','828dcbd61895ef9bc7b1819f60ca99dc',NULL,NULL,NULL,NULL,1,1468287918,'192.168.1.17',1468915641,2,0),(6,'wilson','42768e7ac59b084e5a14abf4b4465abd',NULL,NULL,NULL,NULL,1,1468396837,'119.40.52.18',1468894053,2,0),(7,'xulong','5e6eb03b23b712234ca86fdd3ebb0b38',NULL,NULL,NULL,NULL,1,1468468459,'222.128.26.163',1468469535,2,0),(8,'liuqun','0ab44bd43d6b18fcd5cd928d6faab1b8',NULL,NULL,NULL,NULL,1,1468652701,'23.226.69.153',1468662149,2,0),(9,'ZJW','01ca765425d3f06ea0059347a8563adf',NULL,NULL,NULL,NULL,1,1468907571,'61.49.174.198',1468915133,2,0);
/*!40000 ALTER TABLE `gui_user` ENABLE KEYS */;
UNLOCK TABLES;
/*!40103 SET TIME_ZONE=@OLD_TIME_ZONE */;

/*!40101 SET SQL_MODE=@OLD_SQL_MODE */;
/*!40014 SET FOREIGN_KEY_CHECKS=@OLD_FOREIGN_KEY_CHECKS */;
/*!40014 SET UNIQUE_CHECKS=@OLD_UNIQUE_CHECKS */;
/*!40101 SET CHARACTER_SET_CLIENT=@OLD_CHARACTER_SET_CLIENT */;
/*!40101 SET CHARACTER_SET_RESULTS=@OLD_CHARACTER_SET_RESULTS */;
/*!40101 SET COLLATION_CONNECTION=@OLD_COLLATION_CONNECTION */;
/*!40111 SET SQL_NOTES=@OLD_SQL_NOTES */;

-- Dump completed on 2016-07-19 16:14:08
